,StartStationName,county,city,province
0,太原汽车总站,,太原,山西
1,锦州站,,锦州,辽宁
2,白城市中心客运总站,市中区,乐山,四川
3,松原公路客运站,,松原,吉林
4,231123002,,,
5,万达广场,,,
6,建州汽车城公交站,,,
7,黄石,黄石港区,黄石,湖北
8,芷江汽车站,芷江侗族自治县,怀化,湖南
9,仪陇马鞍汽车站,仪陇县,南充,四川
10,剑阁(下寺),剑阁县,广元,四川
11,象州汽车客运服务站,象州县,来宾,广西
12,澄城汽车站,澄城县,渭南,陕西
13,泰宁汽车站,泰宁县,三明,福建
14,和田东郊客运站,和田县,和田,新疆
15,公主岭市客运总站,公主岭市,长春,吉林
16,永吉县公路客运总站,永吉县,吉林,吉林
17,230103020,,,
18,青浦长途站,青浦区,上海,上海
19,平湖汽车客运中心,平湖市,嘉兴,浙江
20,黟县车站,黟县,黄山,安徽
21,新干城北汽车站,城北区,西宁,青海
22,郸城客运东站,郸城县,周口,河南
23,宁远湘运汽车站,宁远县,永州,湖南
24,阳春春湾汽车客运站,阳春市,阳江,广东
25,斗门站,斗门区,珠海,广东
26,稔村站,,,
27,文昌文教,文昌市,儋州,海南
28,黔西客运站,黔西县,毕节,贵州
29,自贡富顺县客运中心,富顺县,自贡,四川
30,毕节高铁枢纽站,,毕节,贵州
31,大田县建设车站,大田县,三明,福建
32,郑州客运北站,,郑州,河南
33,宁陕县汽车客运站,宁陕县,安康,陕西
34,拉萨北郊客运站,,拉萨,西藏
35,兴安盟突泉县客运站,兴安县,桂林,广西
36,高速公路客运站,,,
37,230183001,,,
38,睢宁汽车站,睢宁县,徐州,江苏
39,永康东站,永康市,金华,浙江
40,汽车南站,,,
41,开封中心站,,开封,河南
42,济源老公交站,济源市,驻马,河南
43,谷城县汽车客运站,谷城县,襄阳,湖北
44,长沙南线区域F,长沙县,长沙,湖南
45,新化汽车西站,新化县,娄底,湖南
46,清远市连南汽车客运站,连南瑶族自治县,清远,广东
47,深圳市龙华汽车客运站,龙华区,海口,海南
48,靖海镇第三招呼站,,,
49,兴宁东岳宫汽车客运站,兴宁区,南宁,广西
50,怀集城南汽车客运站,怀集县,肇庆,广东
51,2|江屯站北市配客点,,,
52,大新城北客运站,城北区,西宁,青海
53,屯昌站,屯昌县,儋州,海南
54,万宁站,万宁市,儋州,海南
55,琼海博鳌,琼海市,儋州,海南
56,梁平汽车站,梁平区,重庆,重庆
57,岑巩汽车站,岑巩县,黔东,贵州
58,拱北通大客运站,,,
59,库尔勒客运中心站,库尔勒市,巴音,新疆
60,靖远客运中心,靖远县,白银,甘肃
61,贵德汽车站,贵德县,海南,青海
62,桃仙机场客运站,,,
63,231081030,,,
64,伊春新青区客运站,,伊春,黑龙
65,希文路公交,,,
66,龙泉客运站,龙泉驿区,成都,四川
67,丽水市公路客运东站,,丽水,浙江
68,宁波南站,,宁波,浙江
69,云霄车站,云霄县,漳州,福建
70,郑州陇海站,,郑州,河南
71,汝州长途站,汝州市,平顶,河南
72,株洲长途站,,株洲,湖南
73,台山市汽车客运站,台山市,江门,广东
74,龙川汽车客运站,龙川县,河源,广东
75,长安汽车站,长安区,西安,陕西
76,隆安汽车总站,隆安县,南宁,广西
77,重庆北站南广场汽车站,,重庆,重庆
78,南部汽车站,南部县,南充,四川
79,宜春汽车总站,,宜春,江西
80,索县客运站,索县,那曲,西藏
81,彬县客运站,,,
82,霍城客运站,霍城县,伊犁,新疆
83,晋中市汽车客运总站,,晋中,山西
84,磴口汽车站,磴口县,巴彦,内蒙
85,231102028,,,
86,景宁客运中心,景宁畲族自治县,丽水,浙江
87,松溪汽车站,松溪县,南平,福建
88,烟台开发区,,烟台,山东
89,兖州站,兖州区,济宁,山东
90,濮阳东濮站,阳东区,阳江,广东
91,新桥,,,
92,龙川县新城客运站,新城区,西安,陕西
93,洋浦站,,,
94,万宁长丰,万宁市,儋州,海南
95,湖南道县,道县,永州,湖南
96,白沙打安,白沙黎族自治县,儋州,海南
97,泸州客运中心站（西南商贸城）,,泸州,四川
98,铜仁城南站,,铜仁,贵州
99,青川客运中心站,青川县,广元,四川
100,名山区汽车站,名山区,雅安,四川
101,石龙汽车客运站,石龙区,平顶,河南
102,焉耆县客运站,焉耆回族自治县,巴音,新疆
103,天山汽车站,天山区,乌鲁,新疆
104,230112030,,,
105,沪太站,,,
106,赣榆汽车北站,赣榆区,连云,江苏
107,丹阳东站,阳东区,阳江,广东
108,戴南站,,,
109,新浦客运东站,,,
110,界首汽车站,界首市,阜阳,安徽
111,永春汽车站,永春县,泉州,福建
112,安溪茶都公园,安溪县,泉州,福建
113,开封西站,,开封,河南
114,巴河,,,
115,松柏站,,,
116,深圳市龙岗长途汽车客运站,龙岗区,深圳,广东
117,隆江镇第五招呼站,,,
118,梅县丙村汽车客运站,梅县区,梅州,广东
119,合浦汽车总站,合浦县,北海,广西
120,防城客运中心,防城区,防城,广西
121,五指山番阳,五指山市,儋州,海南
122,大翠桥,,,
123,剑阁普安客运站,普安县,黔西,贵州
124,铜仁旅游站,,铜仁,贵州
125,巴中兴文车站,兴文县,宜宾,四川
126,八宿县客运站,八宿县,昌都,西藏
127,格尔木泰山路站,格尔木市,海西,青海
128,寿阳县汽车站,寿阳县,晋中,山西
129,农安县公路客运总站,农安县,长春,吉林
130,友好公路客运站,友好区,伊春,黑龙
131,平阳水头客运中心,平阳县,温州,浙江
132,青岛沧口,,青岛,山东
133,石桥铺,,,
134,茂名化州站,化州市,茂名,广东
135,1口,,,
136,屯昌乌坡,屯昌县,儋州,海南
137,叙永客运中心,叙永县,泸州,四川
138,西昌汽车客运中心,西昌市,凉山,四川
139,巴中通江城南车站,江城哈尼族彝族自治县,普洱,云南
140,九江汽车总站,,九江,江西
141,钟山汽车站,钟山区,六盘,贵州
142,察雅县客运站,察雅县,昌都,西藏
143,甘泉客运站,甘泉县,延安,陕西
144,范县客运站,范县,濮阳,河南
145,阳新,阳新县,黄石,湖北
146,宁乡东城,宁乡市,长沙,湖南
147,新化梅苑汽车站,新化县,娄底,湖南
148,松山湖汽车站,松山区,赤峰,内蒙
149,潮安汽车客运站,潮安区,潮州,广东
150,芦山汽车站,芦山县,雅安,四川
151,南部县汽车客运站(52队车站),南部县,南充,四川
152,施秉汽车站,施秉县,黔东,贵州
153,巧家客运站,巧家县,昭通,云南
154,修文客车站,修文县,贵阳,贵州
155,庄浪昌隆站,庄浪县,平凉,甘肃
156,兰州中川民航售票处,,兰州,甘肃
157,偏关汽车客运站,偏关县,忻州,山西
158,222403004,,,
159,朴木,,,
160,平度站,平度市,青岛,山东
161,樱桃园站,,,
162,岚山车站,岚山区,日照,山东
163,郧县,,,
164,邵东汽车站,邵东市,邵阳,湖南
165,吉首汽车东站,吉首市,湘西,湖南
166,广州罗冲围汽车客运站,,广州,广东
167,永福总站,永福县,桂林,广西
168,广西玉林博白,博白县,玉林,广西
169,双辽客运站,双辽市,四平,吉林
170,赣州汽车站,,赣州,江西
171,滦南汽车客运站,滦南县,唐山,河北
172,贺州客运中心站,,贺州,广西
173,田林客运站,田林县,百色,广西
174,民和客运站,民和回族土族自治县,海东,青海
175,尧庙汽车站,,,
176,岫岩,岫岩满族自治县,鞍山,辽宁
177,沭阳东站,阳东区,阳江,广东
178,苏州吴中站,中站区,焦作,河南
179,淮安南站,淮安区,淮安,江苏
180,徐州中汇,,徐州,江苏
181,富阳客运南站,富阳区,杭州,浙江
182,舟山市汽车客运中心,,舟山,浙江
183,万安汽车站,万安县,吉安,江西
184,startstationname,,,
185,店埠,,,
186,肇庆城东汽车客运站,城东区,西宁,青海
187,徐闻中心客运站（新国线车站）,徐闻县,湛江,广东
188,佛山市石湾汽车客运站,,佛山,广东
189,防城港港口汽车站,防城区,防城,广西
190,雅安长途客运站,,雅安,四川
191,潜江客运站,潜江市,恩施,湖北
192,兴国县汽车站,兴国县,赣州,江西
193,三江汽车河东客运服务站,三江侗族自治县,柳州,广西
194,枋湖汽车站,,,
195,佛坪客运站,佛坪县,汉中,陕西
196,庆城南站,庆城县,庆阳,甘肃
197,敦化市长途客运站,敦化市,延边,吉林
198,231124001,,,
199,231002006,,,
200,佳木斯枢纽站,,佳木,黑龙
201,浦江站,浦江县,金华,浙江
202,沛县北站,沛县,徐州,江苏
203,南通家纺城,,南通,江苏
204,四堡,,,
205,三明北沙县,沙县,三明,福建
206,舞钢新长途站,舞钢市,平顶,河南
207,炎陵汽车站,炎陵县,株洲,湖南
208,湛江市海田汽车客运站,,湛江,广东
209,阳西溪头站,阳西县,阳江,广东
210,广州白云国际机场客运中心,白云区,贵阳,贵州
211,大致坡路口,,,
212,文昌蓬莱,文昌市,儋州,海南
213,兴仁汽车站,兴仁市,黔西,贵州
214,韩城新城汽车站,韩城市,渭南,陕西
215,白山客运总站,,白山,吉林
216,长汀汽车车站,长汀县,龙岩,福建
217,天等客运总站,天等县,崇左,广西
218,钦州北站,,钦州,广西
219,犍为南门中心站,犍为县,乐山,四川
220,蔡家坡汽车站,,,
221,长治市汽车客运东站,,长治,山西
222,德惠客运总站,德惠市,长春,吉林
223,铁力市公路客运站,铁力市,伊春,黑龙
224,孙吴县运输有限公司客运站,孙吴县,黑河,黑龙
225,阜宁车站,阜宁县,盐城,江苏
226,常熟东张站,常熟市,苏州,江苏
227,同康村,,,
228,修武县总站,修武县,焦作,河南
229,铁路潮汕站临时汽车客运站,,,
230,珠海市上冲长途汽车客运站,,珠海,广东
231,梅州梅县顺风站,梅县区,梅州,广东
232,临高加来路口,临高县,儋州,海南
233,大足汽车站,大足区,重庆,重庆
234,剑河汽车站,剑河县,黔东,贵州
235,锦屏汽车站,锦屏县,黔东,贵州
236,长春凯旋公路客运站,,长春,吉林
237,武夷客运总站,武夷山市,南平,福建
238,铜川北关客运站,北关区,安阳,河南
239,张掖客运中心,,张掖,甘肃
240,池北区公路客运站,,,
241,220182001,,,
242,230302002,,,
243,海门叠石桥站,海门市,南通,江苏
244,安溪湖头,安溪县,泉州,福建
245,同安,同安区,厦门,福建
246,诗山车站,,,
247,武备,,,
248,寿光总站,寿光市,潍坊,山东
249,泰安小井站,,泰安,山东
250,新密中心站(东),新密市,郑州,河南
251,温县客车站(新站),温县,焦作,河南
252,新郑汽车站,新郑市,郑州,河南
253,韶关汽车客运南站,,韶关,广东
254,惠州市仲恺汽车客运站,,惠州,广东
255,云浮汽车客运站,,云浮,广东
256,韶关仁化汽车客运站,仁化县,韶关,广东
257,周田镇第一招呼站,,,
258,珠海红旗汽车客运站,红旗区,新乡,河南
259,神泉镇第二招呼站,,,
260,福山站,福山区,烟台,山东
261,文昌珠溪桥,文昌市,儋州,海南
262,文昌新美,文昌市,儋州,海南
263,陵水路口,陵水黎族自治县,儋州,海南
264,绵阳南湖汽车站,南湖区,嘉兴,浙江
265,遵义汽车总站,,遵义,贵州
266,南伞汽车客运站,,,
267,宝鸡汽车南站,,宝鸡,陕西
268,神木汽车站,神木市,榆林,陕西
269,海伦市客运站,海伦市,绥化,黑龙
270,红兴隆中心客运站,兴隆台区,盘锦,辽宁
271,江苏信息,,,
272,武义客运中心,武义县,金华,浙江
273,济钢,,,
274,李庄站,,,
275,维也纳酒店高铁南站店,,,
276,云集站,,,
277,新邵汽车站,新邵县,邵阳,湖南
278,佛山市顺德区容桂汽车客运,顺德区,佛山,广东
279,柳州飞蛾综合客运站,,柳州,广西
280,儋州光村,,儋州,海南
281,儋州八一,,儋州,海南
282,琼海东红路口,琼海市,儋州,海南
283,文昌罗豆,文昌市,儋州,海南
284,文昌龙马,龙马潭区,泸州,四川
285,澄迈永发,澄迈县,儋州,海南
286,文昌竹林,文昌市,儋州,海南
287,枫木高速路口,,,
288,三台县旅游汽车站,三台县,绵阳,四川
289,姚安客运站,姚安县,楚雄,云南
290,巴彦淖尔临河汽车站,巴彦县,哈尔,黑龙
291,巴林左旗林东客运站,巴林右旗,赤峰,内蒙
292,福鼎汽车南站,福鼎市,宁德,福建
293,蒲城汽车站,蒲城县,渭南,陕西
294,咸丰汽车站,咸丰县,恩施,湖北
295,若羌客运站,若羌县,巴音,新疆
296,军供客运站,,,
297,临河汽车站,临河区,巴彦,内蒙
298,多伦汽车站,多伦县,锡林,内蒙
299,安图县公路客运总站,安图县,延边,吉林
300,查哈阳农场客运站,,,
301,启东汽车站,启东市,南通,江苏
302,济南总站,,济南,山东
303,济南东站,,济南,山东
304,云阳汽车站,云阳县,重庆,重庆
305,巴东,巴东县,恩施,湖北
306,郁南连滩汽车客运站,郁南县,云浮,广东
307,肇庆四会荔枝湾售票点,四会市,肇庆,广东
308,乐东保国,乐东黎族自治县,儋州,海南
309,广西玉林站,,玉林,广西
310,正安客运站,正安县,遵义,贵州
311,理县旅游客运中心,理县,阿坝,四川
312,南宁安吉客运站,安吉县,湖州,浙江
313,上海中山客运站,中山市,中山,广东
314,福州汽车北站,,福州,福建
315,静宁县客运站,宁县,庆阳,甘肃
316,石首客运中心,石首市,荆州,湖北
317,屏南汽车站,屏南县,宁德,福建
318,京山客运站,京山市,荆门,湖北
319,郧西县客运站,郧西县,十堰,湖北
320,宁陕汽车站,宁陕县,安康,陕西
321,大板汽车站,,,
322,230524002,,,
323,220103004,,,
324,绍兴西站,,绍兴,浙江
325,六安汽车客运南站,,六安,安徽
326,赤水,赤水市,遵义,贵州
327,湖口站,湖口县,九江,江西
328,郑州中心站,,郑州,河南
329,宜昌中心站,,宜昌,湖北
330,汉川,汉川市,孝感,湖北
331,常德汽车南站,,常德,湖南
332,翁源县官渡汽车客运站,官渡区,昆明,云南
333,湛江麻章汽车客运站,麻章区,湛江,广东
334,佛山市南海区西樵汽车客运站,南海区,佛山,广东
335,三亚西站,,三亚,海南
336,广东东莞,东莞市,东莞,广东
337,万宁山根路口,万宁市,儋州,海南
338,万宁牛漏,万宁市,儋州,海南
339,澄迈加乐,澄迈县,儋州,海南
340,什岭,,,
341,松桃汽车站,松桃苗族自治县,铜仁,贵州
342,普安汽车站,普安县,黔西,贵州
343,关岭汽车站,关岭布依族苗族自治县,安顺,贵州
344,铜仁汽车客运北站(川硐),,铜仁,贵州
345,仪陇超长客运站(金城),仪陇县,南充,四川
346,永川客运中心,永川区,重庆,重庆
347,渝北双凤桥汽车站,渝北区,重庆,重庆
348,仙桃汽车站,仙桃市,恩施,湖北
349,定日县客运站,定日县,日喀,西藏
350,吉隆县客运站,吉隆县,日喀,西藏
351,张家川汽车站,张家川回族自治县,天水,甘肃
352,东风汽车站,东风区,佳木,黑龙
353,孝义汽车站,孝义市,吕梁,山西
354,榆社汽车站,榆社县,晋中,山西
355,葫芦岛市汽车客运总站,,葫芦,辽宁
356,南通东站,,南通,江苏
357,常理工东湖,东湖区,南昌,江西
358,苍南西站,苍南县,温州,浙江
359,泉州汽车北站(原高铁站),,泉州,福建
360,黎川客运中心,黎川县,抚州,江西
361,马连庄,,,
362,枣庄汽车总站,,枣庄,山东
363,长沙市区,长沙县,长沙,湖南
364,龙山汽车站,龙山县,湘西,湖南
365,梅州大埔汽车客运站,大埔县,梅州,广东
366,郁南飞凤汽车客运站,郁南县,云浮,广东
367,福山补票点一,福山区,烟台,山东
368,文昌东郊,文昌市,儋州,海南
369,琼海嘉积站,琼海市,儋州,海南
370,内江汽车站(卷子坳车站),,内江,四川
371,石棉汽车站,石棉县,雅安,四川
372,贵阳龙洞堡汽车客运站,,贵阳,贵州
373,夹江客运中心,夹江县,乐山,四川
374,梧州金晖站,,梧州,广西
375,罗定泷州客运站,罗定市,云浮,广东
376,韩城客运总站,韩城市,渭南,陕西
377,克拉玛依客运站,克拉玛依区,克拉,新疆
378,巴楚县客运站,巴楚县,喀什,新疆
379,和硕客运站,和硕县,巴音,新疆
380,武进汽车站,武进区,常州,江苏
381,遂昌客运中心,遂昌县,丽水,浙江
382,安溪西坪,安溪县,泉州,福建
383,铜矿车站,,,
384,鄱阳客运站,鄱阳县,上饶,江西
385,唐河汽车站,唐河县,南阳,河南
386,黎托站,,,
387,常德北部区域,,常德,湖南
388,清远市城北汽车客运站,城北区,西宁,青海
389,紫金汽车客运站,紫金县,河源,广东
390,藤县汽车客运服务站,藤县,梧州,广西
391,临高多文,临高县,儋州,海南
392,清水湾山海间,清水县,天水,甘肃
393,海口下昌,,海口,海南
394,泸县客运中心站,泸县,泸州,四川
395,安宁客运站,安宁区,兰州,甘肃
396,盐边客运站,盐边县,攀枝,四川
397,理工大(北门车站服务点),,,
398,唐山海港汽车客运站,山海关区,秦皇,河北
399,华容汽车中心站,华容县,岳阳,湖南
400,慈利西站,慈利县,张家,湖南
401,西咸综合客运枢纽站,,,
402,延长汽车站,延长县,延安,陕西
403,延安南站,,延安,陕西
404,宝昌客运站,,,
405,铁岭,铁岭县,铁岭,辽宁
406,大安市公路客运总站,大安区,自贡,四川
407,长白县客运站,长白朝鲜族自治县,白山,吉林
408,伊春市公路客运总站,,伊春,黑龙
409,千岛湖客运中心站,,,
410,大田,大田县,三明,福建
411,学院路口,,,
412,市委党校学员公寓,,,
413,沾化站,沾化区,滨州,山东
414,郸城汽车站(交通路),郸城县,周口,河南
415,应城,应城市,孝感,湖北
416,东莞市凤岗汽车客运站,东莞市,东莞,广东
417,陆河汽车客运站,陆河县,汕尾,广东
418,潮汕机场客运站,,,
419,玉林市客运中心,,玉林,广西
420,平果汽车客运站,平果市,百色,广西
421,定安中瑞,定安县,儋州,海南
422,三亚港门,,三亚,海南
423,兰坪客运站,兰坪白族普米族自治县,怒江,云南
424,杨春湖客运换乘中心,,,
425,桂林汽车客运北站,,桂林,广西
426,礼县汽车站,礼县,陇南,甘肃
427,宜章县汽车站,宜章县,郴州,湖南
428,松江长途汽车客运站,松江区,上海,上海
429,洋县汽车站,洋县,汉中,陕西
430,巴青县客运站,巴青县,那曲,西藏
431,岚皋县客运站,岚皋县,安康,陕西
432,泾川汽车站,泾川县,平凉,甘肃
433,英吉沙客运站,英吉沙县,喀什,新疆
434,元宝山区平庄汽车站,宝山区,上海,上海
435,建昌客运,建昌县,葫芦,辽宁
436,弓长岭客运站,长岭县,松原,吉林
437,红旗街,红旗区,新乡,河南
438,220722001,,,
439,兰西客运站,兰西县,绥化,黑龙
440,富锦市公路客运总站,富锦市,佳木,黑龙
441,新沂北站,新沂市,徐州,江苏
442,滨江铂尔曼,滨江区,杭州,浙江
443,安庆中心站,,安庆,安徽
444,南平汽车站,,南平,福建
445,蒙阴,蒙阴县,临沂,山东
446,荆州机场,荆州区,荆州,湖北
447,高要汽车客运站,高要区,肇庆,广东
448,溪西镇第一招呼站,,,
449,徐闻县新国线中心汽车客运站,徐闻县,湛江,广东
450,铜梁汽车南站,铜梁区,重庆,重庆
451,天柱汽车站,天柱县,黔东,贵州
452,龙泉汽车总站,龙泉驿区,成都,四川
453,岳池客运枢纽站,岳池县,广安,四川
454,肃南公用型客运站,肃南裕固族自治县,张掖,甘肃
455,临夏汽车南站,临夏县,临夏,甘肃
456,襄垣汽车站,襄垣县,长治,山西
457,农安县客运总站,农安县,长春,吉林
458,120102001,,,
459,盐城汽车总站,,盐城,江苏
460,益林,,,
461,宜兴城市候机楼,宜兴市,无锡,江苏
462,涟水机场,涟水县,淮安,江苏
463,随州东站,,随州,湖北
464,汕头中旅汽车客运站,,汕头,广东
465,东湖客运站,东湖区,南昌,江西
466,海口大致坡,,海口,海南
467,琼中新林,琼中黎族苗族自治县,儋州,海南
468,泸州汽车站(广场),,泸州,四川
469,锦屏汽车客运南站,锦屏县,黔东,贵州
470,六盘水南站,,六盘,贵州
471,泸州城西客运站,城西区,西宁,青海
472,宁波机场,,宁波,浙江
473,清远市城北客运站,城北区,西宁,青海
474,房县客运站,房县,十堰,湖北
475,和顺汽车站,和顺县,晋中,山西
476,蚌埠中心站,,蚌埠,安徽
477,大连金州中心汽车站,金州区,大连,辽宁
478,庆安客运站,庆安县,绥化,黑龙
479,临泽客运站,临泽县,张掖,甘肃
480,盱眙车站,盱眙县,淮安,江苏
481,丹阳客运中心,丹阳市,镇江,江苏
482,连云港东站,连云区,连云,江苏
483,南安中心站,南安市,泉州,福建
484,宏路,,,
485,安溪永隆国际,安溪县,泉州,福建
486,威海站,,威海,山东
487,楼德站,,,
488,平顶山长途站,,平顶,河南
489,海丰汽车客运总站,海丰县,汕尾,广东
490,东莞市大朗汽车客运站,东莞市,东莞,广东
491,广州东站汽车客运站,,广州,广东
492,东莞市松山湖汽车客运站,东莞市,东莞,广东
493,桐梓客运站,桐梓县,遵义,贵州
494,翼城汽车站,翼城县,临汾,山西
495,惠州南线客运站,,惠州,广东
496,金华市东阳客运西站,东阳市,金华,浙江
497,庆阳市庆城汽车站,庆城县,庆阳,甘肃
498,永昌汽车站,永昌县,金昌,甘肃
499,152223002,,,
500,鸡东县公路客运站,鸡东县,鸡西,黑龙
501,伊春乌马河公路客运站,,伊春,黑龙
502,徐州南站,,徐州,江苏
503,无为南站,无为市,芜湖,安徽
504,芙蓉岭,芙蓉区,长沙,湖南
505,西二环配客,,,
506,南丰客运西站,南丰县,抚州,江西
507,鄄城汽车站,鄄城县,菏泽,山东
508,林州汽车南站,林州市,安阳,河南
509,宣恩客运站,宣恩县,恩施,湖北
510,耒阳汽车站,耒阳市,衡阳,湖南
511,临武东塔汽车站,临武县,郴州,湖南
512,云安白石汽车客运站,云安区,云浮,广东
513,文昌凤尾,文昌市,儋州,海南
514,平塘汽车站,平塘县,黔南,贵州
515,岗巴县客运站,岗巴县,日喀,西藏
516,阿克苏旅客运输公司客运站,阿克陶县,克孜,新疆
517,乌什运输站,乌什县,阿克,新疆
518,平遥汽车站,平遥县,晋中,山西
519,集宁长途汽车站,集宁区,乌兰,内蒙
520,包头市昆区站,,包头,内蒙
521,230622026,,,
522,滨海站,滨海县,盐城,江苏
523,花垣县汽车站,花垣县,湘西,湖南
524,四会市槎山客运站,四会市,肇庆,广东
525,口,,,
526,保亭槟榔谷,保亭黎族苗族自治县,儋州,海南
527,重庆巫山,巫山县,重庆,重庆
528,琼山侨中,琼山区,海口,海南
529,成都东站汽车站(火车东站旁),,成都,四川
530,茶店子车站,,,
531,仁布县客运站,仁布县,日喀,西藏
532,河曲汽车客运站,河曲县,忻州,山西
533,扎兰屯客运站,扎兰屯市,呼伦,内蒙
534,锦山镇汽车站,,,
535,昌图汽车客运站,昌图县,铁岭,辽宁
536,230781087,,,
537,拜泉县中心客运站,拜泉县,齐齐,黑龙
538,镇江汽车站,,镇江,江苏
539,衢州汽车客运中心,,衢州,浙江
540,坎市,,,
541,桃村,,,
542,封丘汽车站,封丘县,新乡,河南
543,保康,保康县,襄阳,湖北
544,广华,,,
545,怀集县交通运输有限公司冷坑客运站,怀集县,肇庆,广东
546,官窑车站,,,
547,潭牛,,,
548,文昌月亮湾,文昌市,儋州,海南
549,桶井梅山,,,
550,宜宾西门汽车客运站,,宜宾,四川
551,汶川汽车站,汶川县,阿坝,四川
552,黄平旧州汽车站,黄平县,黔东,贵州
553,镇原县客运中心,镇原县,庆阳,甘肃
554,肇庆客运站,,肇庆,广东
555,普定客运站,普定县,安顺,贵州
556,雷山县西江汽车站,雷山县,黔东,贵州
557,凤台,凤台县,淮南,安徽
558,灯塔市灯塔客运服务站,灯塔市,辽阳,辽宁
559,230231001,,,
560,370502001,,,
561,230713004,,,
562,232722035,,,
563,230604003,,,
564,宁安东京城客运站,宁安市,牡丹,黑龙
565,泾口,,,
566,青阳,青阳县,池州,安徽
567,涵江,涵江区,莆田,福建
568,蛟洋高速口,,,
569,平舆汽车北站,平舆县,驻马,河南
570,汕头市汽车客运中心站,,汕头,广东
571,阳西县程村汽车客运站,阳西县,阳江,广东
572,徐闻总站,徐闻县,湛江,广东
573,吴川总站,吴川市,湛江,广东
574,东方新龙,新龙县,甘孜,四川
575,川主寺汽车站,,,
576,三府湾客运站,,,
577,下水径配客站,,,
578,镇宁客运站,镇宁布依族苗族自治县,安顺,贵州
579,凯里城南汽车客运站,凯里市,黔东,贵州
580,康乐公用型汽车站,康乐县,临夏,甘肃
581,满洲里口岸国际客运站,满洲里市,呼伦,内蒙
582,西丰,西丰县,铁岭,辽宁
583,滨海新区客运站,滨海县,盐城,江苏
584,海门六甲站,海门市,南通,江苏
585,集美,集美区,厦门,福建
586,天子温泉,温泉县,博尔,新疆
587,泰山站,泰山区,泰安,山东
588,上蔡汽车西站,上蔡县,驻马,河南
589,新蔡新汽车站,新蔡县,驻马,河南
590,郧西客运站,郧西县,十堰,湖北
591,常宁站,常宁市,衡阳,湖南
592,马田车站,,,
593,益阳赫山汽车站,赫山区,益阳,湖南
594,韶关汽车客运东站,,韶关,广东
595,徐闻县中心汽车客运站,徐闻县,湛江,广东
596,隆江镇第三招呼站,,,
597,珠海海洋王国,,珠海,广东
598,腰古站,,,
599,巴马汽车总站,巴马瑶族自治县,河池,广西
600,保亭三道,保亭黎族苗族自治县,儋州,海南
601,邦开路口,,,
602,巴中平昌车站,平昌县,巴中,四川
603,仙城客运站,,,
604,钦州总站,,钦州,广西
605,紫云客运站,紫云苗族布依族自治县,安顺,贵州
606,互助县汽车站,互助土族自治县,海东,青海
607,海原汽车站,海原县,中卫,宁夏
608,呼图壁汽车站,呼图壁县,昌吉,新疆
609,东胜客运中心站,东胜区,鄂尔,内蒙
610,辽阳市长途客运总站,辽阳县,辽阳,辽宁
611,营口市长途客运站,,营口,辽宁
612,延吉市公路客运总站,延吉市,延边,吉林
613,江源区公路客运总站,江源区,白山,吉林
614,150721001,,,
615,231084013,,,
616,邳宏通南,,,
617,淮安行政中心,淮安区,淮安,江苏
618,金华汽车西站,,金华,浙江
619,政和汽车站,政和县,南平,福建
620,官田,,,
621,通城,通城县,咸宁,湖北
622,深圳南山汽车客运站,南山区,深圳,广东
623,大坝点,,,
624,乐平汽车站,乐平市,景德,江西
625,同心汽车站,同心县,吴忠,宁夏
626,太原迎宾汽车站,,太原,山西
627,合肥汽车客运南站,,合肥,安徽
628,珲春市公路客运总站,珲春市,延边,吉林
629,230204001,,,
630,杭州汽车北站,,杭州,浙江
631,嘉兴北站,,嘉兴,浙江
632,永福,永福县,桂林,广西
633,清濛车站,,,
634,潜江汽车客运站,潜江市,恩施,湖北
635,坪阡,,,
636,翁源龙仙汽车客运站,翁源县,韶关,广东
637,测试客运站,,,
638,江湛铁路阳江客运招呼站,,阳江,广东
639,北流城南汽车客运站,北流市,玉林,广西
640,文昌站,文昌市,儋州,海南
641,和乐,,,
642,巴中平昌客运中心,平昌县,巴中,四川
643,韶关翁源客运站,翁源县,韶关,广东
644,庄浪东站,庄浪县,平凉,甘肃
645,乌兰浩特汽车站,乌兰县,海西,青海
646,抚顺,抚顺县,抚顺,辽宁
647,231121001,,,
648,舟山普陀客运(乘换)中心,普陀区,舟山,浙江
649,三号线员工,,,
650,上蔡汽车东站,上蔡县,驻马,河南
651,长沙南线区域E,长沙县,长沙,湖南
652,平远汽车客运站,平远县,梅州,广东
653,练溪点,,,
654,拱北通大站,,,
655,三亚站,,三亚,海南
656,屯昌高速路口,屯昌县,儋州,海南
657,中建,,,
658,琼海塔洋,琼海市,儋州,海南
659,遵义忠庄车站,,遵义,贵州
660,蓬安汽车客运站,蓬安县,南充,四川
661,渭南客运中心站,,渭南,陕西
662,沙市长途客运站,沙市区,荆州,湖北
663,安乡汽车站,安乡县,常德,湖南
664,长岭客运站,长岭县,松原,吉林
665,互助汽车站,互助土族自治县,海东,青海
666,沙湾客运站,沙湾县,塔城,新疆
667,应县汽车站,应县,朔州,山西
668,五汛双桥,双桥区,承德,河北
669,东阳横店站,东阳市,金华,浙江
670,诸暨客运站,诸暨市,绍兴,浙江
671,岳西车站,岳西县,安庆,安徽
672,新泉,,,
673,常德德山区域,,常德,湖南
674,益阳资阳汽车站,资阳区,益阳,湖南
675,平南客运中心,平南县,贵港,广西
676,昌江立交,昌江黎族自治县,儋州,海南
677,四川南充市,,南充,四川
678,铜梁汽车总站,铜梁区,重庆,重庆
679,合川客运总站,合川区,重庆,重庆
680,容县城南客运站,容县,玉林,广西
681,长岭县公路客运站,长岭县,松原,吉林
682,231081031,,,
683,赣榆汽车站,赣榆区,连云,江苏
684,流均,,,
685,国贸天琴湾,,,
686,泉州汽车站(原新站),,泉州,福建
687,乳山,乳山市,威海,山东
688,沈丘国营汽车站,沈丘县,周口,河南
689,固始客运中心站,固始县,信阳,河南
690,咸安,咸安区,咸宁,湖北
691,新丰汽车客运站,新丰县,韶关,广东
692,深圳蛇口汽车客运站,,深圳,广东
693,茂名汽车客运站,,茂名,广东
694,白沙站,白沙黎族自治县,儋州,海南
695,文昌三角庭,文昌市,儋州,海南
696,白沙金波,白沙黎族自治县,儋州,海南
697,澄迈永发路口,澄迈县,儋州,海南
698,红旗河沟汽车站,红旗区,新乡,河南
699,集美汽车站,集美区,厦门,福建
700,武都汽车东站(盘旋路),武都区,陇南,甘肃
701,眉县汽车站,眉县,宝鸡,陕西
702,西峰汽车西站,西峰区,庆阳,甘肃
703,民勤县民勤客运中心站,民勤县,武威,甘肃
704,东运集团华亭汽车站,华亭市,平凉,甘肃
705,新巴尔虎左旗阿木古郎客运站,新巴尔虎右旗,呼伦,内蒙
706,辽源市客运总站,,辽源,吉林
707,木兰县公路客运站,木兰县,哈尔,黑龙
708,濯田,,,
709,渑池汽车站,渑池县,三门,河南
710,鹿邑客运西站,鹿邑县,周口,河南
711,团陂,,,
712,房县高客站,房县,十堰,湖北
713,深圳市侨社汽车客运站,,深圳,广东
714,常平汽车站,,,
715,深圳市宝安区西乡汽车客运站,西乡县,汉中,陕西
716,九洲港汽车客运站,,,
717,临高新盈,临高县,儋州,海南
718,临高路口,临高县,儋州,海南
719,中兴,,,
720,兴义客运西站,兴义市,黔西,贵州
721,广汉市汽车客运中心,广汉市,德阳,四川
722,中江仓山车站,中江县,德阳,四川
723,华阳客运中心,,,
724,岑溪探花汽车站,岑溪市,梧州,广西
725,会东客运中心,会东县,凉山,四川
726,陇县客运站,陇县,宝鸡,陕西
727,安宁区售票点,安宁区,兰州,甘肃
728,张掖汽车站西关车站,,张掖,甘肃
729,刚察县汽车站,刚察县,海北,青海
730,阳城汽车站,阳城县,晋城,山西
731,开鲁客运站,开鲁县,通辽,内蒙
732,宁江区公路客运总站,宁江区,松原,吉林
733,231202001,,,
734,泗阳汽车站,泗阳县,宿迁,江苏
735,金峰,,,
736,霞浦北站,浦北县,钦州,广西
737,无棣站,无棣县,滨州,山东
738,东营垦利站,垦利区,东营,山东
739,空港巴士站(郑州机场),,郑州,河南
740,机场客运站,,,
741,肇庆四会汽车站槎山分站,四会市,肇庆,广东
742,广宁江屯安捷客运站,广宁县,肇庆,广东
743,贵港汽车南站,,贵港,广西
744,五指山毛阳路口,五指山市,儋州,海南
745,白沙邦溪,白沙黎族自治县,儋州,海南
746,儋州和祥,,儋州,海南
747,定安同仁,同仁市,黄南,青海
748,新中,,,
749,天门客运中心站,天门市,恩施,湖北
750,万载汽车站,万载县,宜春,江西
751,潼关汽车站,潼关县,渭南,陕西
752,尖扎县汽车站,尖扎县,黄南,青海
753,苏尼特右旗汽车站,苏尼特右旗,锡林,内蒙
754,后旗汽车站,,,
755,230803001,,,
756,肇东市客运站,肇东市,绥化,黑龙
757,常州奔牛机场,,常州,江苏
758,龙游客运北站,龙游县,衢州,浙江
759,莱州,莱州市,烟台,山东
760,烟台旅游站,,烟台,山东
761,利津客运站,利津县,东营,山东
762,淮阳县中心站,淮阳区,周口,河南
763,竹山,竹山县,十堰,湖北
764,华新站,,,
765,涟源汽车站,涟源市,娄底,湖南
766,平远汽车客运总站,平远县,梅州,广东
767,东陇镇招呼站,,,
768,湛江市廉江市城南汽车客运站,廉江市,湛江,广东
769,文昌泰山,文昌市,儋州,海南
770,琼中新进,琼中黎族苗族自治县,儋州,海南
771,广东深圳龙岗布吉,龙岗区,深圳,广东
772,内江高速公路客运中心,,内江,四川
773,安康市高速客运汽车站,,安康,陕西
774,信宜城东客运站,城东区,西宁,青海
775,宜宾柏溪客运站,,宜宾,四川
776,新宁路汽车站,新宁县,邵阳,湖南
777,青河客运站,青河县,阿勒,新疆
778,博乐客运总站,博乐市,博尔,新疆
779,乌拉特前旗汽车站,乌拉特后旗,巴彦,内蒙
780,乐活汇,,,
781,伊通客运总站,伊通满族自治县,四平,吉林
782,10000,,,
783,汤原县公路客运站,汤原县,佳木,黑龙
784,滨海汽车站,滨海县,盐城,江苏
785,淮安总站,淮安区,淮安,江苏
786,楼王,,,
787,无锡西站,,无锡,江苏
788,松阳客运中心站,松阳县,丽水,浙江
789,黄山客运总站,黄山区,黄山,安徽
790,社会客运站,,,
791,周口港区汽车站,,周口,河南
792,城际大巴站,,,
793,长沙火车站,长沙县,长沙,湖南
794,德保汽车总站客运服务站,德保县,百色,广西
795,儋州洋浦,,儋州,海南
796,广西梧州,,梧州,广西
797,达州客运北站(徐家坝),,达州,四川
798,福州华威汽车客运站,,福州,福建
799,城南客运站,,,
800,台山汽车客运站,台山市,江门,广东
801,武穴市汽车客运站,武穴市,黄冈,湖北
802,嘉峪关汽车站,嘉峪关市,嘉峪,甘肃
803,汪清县公路客运总站,汪清县,延边,吉林
804,松江河客运站,松江区,上海,上海
805,东辽县客运总站,东辽县,辽源,吉林
806,高淳站,高淳区,南京,江苏
807,沛县大屯站,沛县,徐州,江苏
808,崇武车站,,,
809,龙岩客运站(老站),,龙岩,福建
810,庄头,,,
811,白霓,,,
812,张家界中心汽车站,张家川回族自治县,天水,甘肃
813,深圳市坪山汽车客运总站,坪山区,深圳,广东
814,大学城,,,
815,沿河汽车站,沿河土家族自治县,铜仁,贵州
816,宜宾市临港车站,,宜宾,四川
817,习水城西客运站,城西区,西宁,青海
818,温江公交枢纽站,温江区,成都,四川
819,测试汽车站,,,
820,勃利县公路客运总站,勃利县,七台,黑龙
821,奎屯市客运站,奎屯市,伊犁,新疆
822,武平中心站,武平县,龙岩,福建
823,秦安北站,秦安县,天水,甘肃
824,岐山客运站,岐山县,宝鸡,陕西
825,旅游汽车站,,,
826,富蕴客运站,富蕴县,阿勒,新疆
827,泽普客运站,泽普县,喀什,新疆
828,通榆县公路客运总站,通榆县,白城,吉林
829,桃浦站,,,
830,泗洪北站,泗洪县,宿迁,江苏
831,兴化总站,兴化市,泰州,江苏
832,石湖站,,,
833,黄邦山安置小区,,,
834,冷格庄,,,
835,许昌中心站,,许昌,河南
836,常德汽车南站（桥南）,,常德,湖南
837,怀化汽车东站,,怀化,湖南
838,香洲长途站,香洲区,珠海,广东
839,深圳市龙运发坪山长途客运站,坪山区,深圳,广东
840,定安翰林,定安县,儋州,海南
841,安州花荄车站,安州区,绵阳,四川
842,廉江汽车客运站,廉江市,湛江,广东
843,扶绥汽车总站,扶绥县,崇左,广西
844,信丰县汽车站,信丰县,赣州,江西
845,北海南珠汽车站,海南区,乌海,内蒙
846,襄阳汽车客运中心站,,襄阳,湖北
847,枝江客运站,枝江市,宜昌,湖北
848,钟祥宇风客运站,钟祥市,荆门,湖北
849,防城汽车站（防城港第一客运中心）,防城区,防城,广西
850,酒泉汽车站（西关）,,酒泉,甘肃
851,石河子火车站综合枢纽,石河子市,阿勒,新疆
852,230522001,,,
853,沟东,,,
854,方城汽车站,方城县,南阳,河南
855,偃师汽车站,偃师市,洛阳,河南
856,渔关,,,
857,湛江市廉江汽车客运站,廉江市,湛江,广东
858,中山市城东汽车客运站,城东区,西宁,青海
859,广东惠州市,,惠州,广东
860,涪陵高山湾汽车站,涪陵区,重庆,重庆
861,广元市客运站（南河）,,广元,四川
862,云阳汽车客运中心,云阳县,重庆,重庆
863,凯里高铁南站景区直通车,凯里市,黔东,贵州
864,南宁市金桥客运站,,南宁,广西
865,错那县客运站,错那县,山南,西藏
866,勉县汽车站,勉县,汉中,陕西
867,和静县客运站,和静县,巴音,新疆
868,231081002,,,
869,虎林客运中心,虎林市,鸡西,黑龙
870,马鞍山汽车客运站,,马鞍,安徽
871,保险公司,,,
872,蓬莱车站,蓬莱区,烟台,山东
873,辉县汽车站,辉县市,新乡,河南
874,淇县汽车站,淇县,鹤壁,河南
875,荆门,,荆门,湖北
876,崇阳,崇阳县,咸宁,湖北
877,洞口汽车站,洞口县,邵阳,湖南
878,隆江镇第六招呼站,,,
879,东莞市虎门汽车客运站,东莞市,东莞,广东
880,崇左国际客运服务中心,,崇左,广西
881,湖南常德市,,常德,湖南
882,广西玉林,,玉林,广西
883,昌茂花园,,,
884,奉节汽车站,奉节县,重庆,重庆
885,资阳汽车客运中心,资阳区,益阳,湖南
886,绵阳秀水客运站,,绵阳,四川
887,武陵源客运站,武陵源区,张家,湖南
888,昌都汽车站,,昌都,西藏
889,榆林汽车站,,榆林,陕西
890,卓尼县汽车站,卓尼县,甘南,甘肃
891,太谷汽车站,太谷区,晋中,山西
892,阜蒙县长途客运站,,,
893,梅河口客运站,河口瑶族自治县,红河,云南
894,建三江中心客运站,三江侗族自治县,柳州,广西
895,如东洋口港站,如东县,南通,江苏
896,建瓯东站,建瓯市,南平,福建
897,上蛟高速口,,,
898,兰溪,兰溪市,金华,浙江
899,鲁山华运汽车站,鲁山县,平顶,河南
900,襄城客运站,襄城区,襄阳,湖北
901,大冶客运站,大冶市,黄石,湖北
902,万华车站,,,
903,新化汽车站,新化县,娄底,湖南
904,津市汽车站,津市市,常德,湖南
905,零陵汽车站,零陵区,永州,湖南
906,澄海汽车客运站,澄海区,汕头,广东
907,百色城东客运中心,城东区,西宁,青海
908,大坡,,,
909,南部县汽车客运站,南部县,南充,四川
910,犀浦配客站,,,
911,平武汽车客运站,平武县,绵阳,四川
912,酉阳汽车北站,酉阳土家族苗族自治县,重庆,重庆
913,安州(花荄)车站,安州区,绵阳,四川
914,宜昌汽车客运中心站,,宜昌,湖北
915,清溪汽车客运站,,,
916,乌兰站,乌兰县,海西,青海
917,东辽县公路客运总站,东辽县,辽源,吉林
918,230127003,,,
919,泗洪南站,泗洪县,宿迁,江苏
920,邳州汽车站,邳州市,徐州,江苏
921,如东栟茶站,如东县,南通,江苏
922,交通国税,,,
923,莱芜,莱芜区,济南,山东
924,莱阳,莱阳市,烟台,山东
925,青岛火车站,,青岛,山东
926,潢川汽车站,潢川县,信阳,河南
927,信阳新华路汽车站,阳新县,黄石,湖北
928,恩施中心站,恩施市,恩施,湖北
929,五峰,五峰土家族自治县,宜昌,湖北
930,攸县汽车站,攸县,株洲,湖南
931,麻阳汽车站,麻阳苗族自治县,怀化,湖南
932,新晃汽车站,新晃侗族自治县,怀化,湖南
933,新进叉,,,
934,南茂,,,
935,广东江门,,江门,广东
936,广西河池金城江,金城江区,河池,广西
937,陈家坪汽车站,,,
938,马边客运站,马边彝族自治县,乐山,四川
939,宜宾南溪金鸿客运中心,南溪区,宜宾,四川
940,若尔盖客运中心,若尔盖县,阿坝,四川
941,永泰客运站,永泰县,福州,福建
942,崇义县汽车站,崇义县,赣州,江西
943,南昌市长途汽车站,南昌县,南昌,江西
944,昆区汽车站,,,
945,锦屏汽车客运站,锦屏县,黔东,贵州
946,江达县客运站,江达县,昌都,西藏
947,黎城汽车站,黎城县,长治,山西
948,神池县汽车站,神池县,忻州,山西
949,扶余市公路客运总站,扶余市,松原,吉林
950,牡丹江客运总站,丹江口市,十堰,湖北
951,穆棱市客运总站,穆棱市,牡丹,黑龙
952,文成城南客运站,文成县,温州,浙江
953,常山客运中心,常山县,衢州,浙江
954,附小,,,
955,招远车站,招远市,烟台,山东
956,永城客运站,永城市,商丘,河南
957,沅陵五强溪汽车站,沅陵县,怀化,湖南
958,新兴汽车客运站,新兴县,云浮,广东
959,郁南县飞凤汽车客运站,郁南县,云浮,广东
960,海南乌石,海南区,乌海,内蒙
961,琼中营根,琼中黎族苗族自治县,儋州,海南
962,黔江西站,黔江区,重庆,重庆
963,南充嘉陵客运站,嘉陵区,南充,四川
964,大余车站,大余县,赣州,江西
965,集安客运站,集安市,通化,吉林
966,枣阳市汽车站,枣阳市,襄阳,湖北
967,延安汽车站,,延安,陕西
968,清涧客运站,清涧县,榆林,陕西
969,彭阳汽车站,彭阳县,固原,宁夏
970,明园客运站,,,
971,370724001,,,
972,231182007,,,
973,230102022,,,
974,南岔区客运站,南岔县,伊春,黑龙
975,南汇站,,,
976,无锡客运站,,无锡,江苏
977,绍兴客运中心,,绍兴,浙江
978,滨州,,滨州,山东
979,烟台西站,,烟台,山东
980,东莞市汽车客运北站,东莞市,东莞,广东
981,华阳点,,,
982,文昌东郊锦坡,文昌市,儋州,海南
983,澄迈昆仑,澄迈县,儋州,海南
984,井研汽车客运站,井研县,乐山,四川
985,瓦子铺汽车客运枢纽站,,,
986,蒙山汽车客运站,蒙山县,梧州,广西
987,德惠公路站,德惠市,长春,吉林
988,岷县公用型汽车站,岷县,定西,甘肃
989,祁连县汽车站,祁连县,海北,青海
990,长兴站,长兴县,湖州,浙江
991,如皋港站,如皋市,南通,江苏
992,龙 岩二中,,,
993,衡阳县站,衡阳县,衡阳,湖南
994,吉首西口汽车站,吉首市,湘西,湖南
995,慈利万福汽车站,慈利县,张家,湖南
996,深圳市龙运通丹竹头长途客运站,,深圳,广东
997,澄迈(金江)站,澄迈县,儋州,海南
998,琼中上安,琼中黎族苗族自治县,儋州,海南
999,遵义茅草铺车站,,遵义,贵州
1000,三明汽车站,,三明,福建
1001,恩平西门客运站,恩平市,江门,广东
1002,中山城东客运站,城东区,西宁,青海
1003,兰州东站,,兰州,甘肃
1004,兴县客运中心,兴县,吕梁,山西
1005,滁州南站,,滁州,安徽
1006,本溪县客运站,本溪满族自治县,本溪,辽宁
1007,三沙,三沙市,三沙,海南
1008,荥阳汽车站,荥阳市,郑州,河南
1009,宜昌长途站,,宜昌,湖北
1010,凤凰园汽车站,凤凰县,湘西,湖南
1011,湛江南站汽车客运站,江南区,南宁,广西
1012,深圳东湖汽车客运站,东湖区,南昌,江西
1013,丹灶车站,,,
1014,西乡塘客运站,西乡县,汉中,陕西
1015,淀粉厂,,,
1016,广东化州市,化州市,茂名,广东
1017,邛崃客运中心,邛崃市,成都,四川
1018,宜宾兴文客运站,兴文县,宜宾,四川
1019,数博车站,,,
1020,横店客运中心,,,
1021,河源新城客运站,新城区,西安,陕西
1022,钦州南站,,钦州,广西
1023,肇庆长途客运站,,肇庆,广东
1024,龙州汽车总站,龙州县,崇左,广西
1025,抚松客运站,抚松县,白山,吉林
1026,红安县汽车站,红安县,黄冈,湖北
1027,黄龙汽车站,黄龙县,延安,陕西
1028,旬阳高客站,旬阳县,安康,陕西
1029,怀集粤运客运站,怀集县,肇庆,广东
1030,盘县汽车客运站,,,
1031,白山市公路客运西站,,白山,吉林
1032,230622030,,,
1033,长生站,,,
1034,常州卫校,,常州,江苏
1035,平潭,平潭县,福州,福建
1036,光泽汽车站,光泽县,南平,福建
1037,南山客运站,南山区,深圳,广东
1038,沙墩,,,
1039,泌阳汽车站,泌阳县,驻马,河南
1040,英山,英山县,黄冈,湖北
1041,洞口高沙汽车站,洞口县,邵阳,湖南
1042,广州汽车客运站,,广州,广东
1043,清远石潭分站,,清远,广东
1044,广安,广安区,广安,四川
1045,筠连汽车站,筠连县,宜宾,四川
1046,富锦公路客运总站,富锦市,佳木,黑龙
1047,叙永汽车站,叙永县,泸州,四川
1048,日喀则汽车总站,,日喀,西藏
1049,麦积汽车站,麦积区,天水,甘肃
1050,康平客运站,康平县,沈阳,辽宁
1051,彰武中鑫汽车客运站,彰武县,阜新,辽宁
1052,和龙市公路客运总站,和龙市,延边,吉林
1053,230422005,,,
1054,232721073,,,
1055,饶河客运站,饶河县,双鸭,黑龙
1056,扬中站,中站区,焦作,河南
1057,如皋石庄站,如皋市,南通,江苏
1058,五港站,,,
1059,梅山车站,,,
1060,单县汽车站,单县,菏泽,山东
1061,博山,博山区,淄博,山东
1062,武陟汽车站,武陟县,焦作,河南
1063,五三,,,
1064,罗田,罗田县,黄冈,湖北
1065,胜利,,,
1066,广州市第二公共汽车公司东圃汽车客运站,,广州,广东
1067,佛山市高明汽车客运站,高明区,佛山,广东
1068,儋州海头,,儋州,海南
1069,广东佛山顺德区,顺德区,佛山,广东
1070,广西钦州,,钦州,广西
1071,三拨,,,
1072,澄迈文儒,澄迈县,儋州,海南
1073,南川客运西站,南川区,重庆,重庆
1074,宜宾南岸汽车站,南岸区,重庆,重庆
1075,大庆长途客运总站,,大庆,黑龙
1076,咸宁市温泉中心客运站,温泉县,博尔,新疆
1077,三穗汽车客运站,三穗县,黔东,贵州
1078,白银汽车站,白银区,白银,甘肃
1079,甘肃云美旅国际酒店,,,
1080,瓜州汽车站,瓜州县,酒泉,甘肃
1081,大洼客运站,大洼区,盘锦,辽宁
1082,通化客运站(老站),通化县,通化,吉林
1083,230524001,,,
1084,230622028,,,
1085,前进客运站,前进区,佳木,黑龙
1086,金山站,金山区,上海,上海
1087,芜湖客运站,芜湖县,芜湖,安徽
1088,安源站,安源区,萍乡,江西
1089,阳谷站,阳谷县,聊城,山东
1090,孝感,,孝感,湖北
1091,三峡机场,,,
1092,衡东站,衡东县,衡阳,湖南
1093,衡阳中心站,衡阳县,衡阳,湖南
1094,永兴银都站,永兴县,郴州,湖南
1095,广州市交通站场建设管理中心海珠汽车客运站,海珠区,广州,广东
1096,南海汽车站,南海区,佛山,广东
1097,吴川市汽车客运站,吴川市,湛江,广东
1098,恩平市西门汽车客运站,恩平市,江门,广东
1099,澄迈瑞溪,澄迈县,儋州,海南
1100,海南大学北门,海南区,乌海,内蒙
1101,重长司荣昌汽车站,荣昌区,重庆,重庆
1102,南部县城西客运站,城西区,西宁,青海
1103,阆中汽车站,阆中市,南充,四川
1104,罗甸客运站,罗甸县,黔南,贵州
1105,林西汽车站,林西县,赤峰,内蒙
1106,灵丘汽车站,灵丘县,大同,山西
1107,松原市公路客运总站,,松原,吉林
1108,图们市公路客运总站,图们市,延边,吉林
1109,露水河客运站,,,
1110,柳河公路客运总站,柳河县,通化,吉林
1111,220402001,,,
1112,230103044,,,
1113,友谊客运站,友谊县,双鸭,黑龙
1114,安吉中心站,安吉县,湖州,浙江
1115,吉安中心站,吉安县,吉安,江西
1116,枣庄高铁汽车站,,枣庄,山东
1117,获嘉客运总站,获嘉县,新乡,河南
1118,厚街车站,,,
1119,惠州市城北汽车客运站,城北区,西宁,青海
1120,白沙青松,白沙黎族自治县,儋州,海南
1121,罗经,,,
1122,江口客运站,江口县,铜仁,贵州
1123,成都城东客运站(琉璃立交旁),城东区,西宁,青海
1124,广安汽车总站(城北),城北区,西宁,青海
1125,德阳汽车客运北站,,德阳,四川
1126,新都客运枢纽站,新都区,成都,四川
1127,固原汽车站,,固原,宁夏
1128,昔阳汽车客运站,昔阳县,晋中,山西
1129,雷山汽车客运站,雷山县,黔东,贵州
1130,富平县汽车站,富平县,渭南,陕西
1131,康县汽车站,康县,陇南,甘肃
1132,五台汽车站,五台县,忻州,山西
1133,调兵山市客运站,调兵山市,铁岭,辽宁
1134,徐州东站,,徐州,江苏
1135,淮安高铁站,淮安区,淮安,江苏
1136,连城汽车站,连城县,龙岩,福建
1137,山亭站,山亭区,枣庄,山东
1138,固始汽车新西站,固始县,信阳,河南
1139,洞庭站,,,
1140,城步汽车北站,城步苗族自治县,邵阳,湖南
1141,湘阴高岭汽车站,湘阴县,岳阳,湖南
1142,肇庆市粤运汽车运输有限公司怀集汽车客运站,怀集县,肇庆,广东
1143,四会汽车客运站,四会市,肇庆,广东
1144,阳西县新圩汽车客运站,阳西县,阳江,广东
1145,西林客运服务站,西林县,百色,广西
1146,乐东站,乐东黎族自治县,儋州,海南
1147,广东茂名电白,电白区,茂名,广东
1148,彭山汽车客运中心,彭山区,眉山,四川
1149,重庆机场T3长途汽车站,,重庆,重庆
1150,渭南市运业汽车客运站,,渭南,陕西
1151,独山子客运站,独山子区,克拉,新疆
1152,博湖客运站,博湖县,巴音,新疆
1153,大连北岗桥客运站,,大连,辽宁
1154,白山市公路客运总站,,白山,吉林
1155,镇赉县公路客运总站,镇赉县,白城,吉林
1156,九台市客运总站,九台区,长春,吉林
1157,高港汽车客运站,高港区,泰州,江苏
1158,土楼,,,
1159,北马路,,,
1160,新泰总站,新泰市,泰安,山东
1161,五莲车站,五莲县,日照,山东
1162,惠来汽车客运站,惠来县,揭阳,广东
1163,佛山市汽车客运站,,佛山,广东
1164,桂林汽车客运南站,,桂林,广西
1165,澄迈老城银海天城,澄迈县,儋州,海南
1166,纳雍汽车站,纳雍县,毕节,贵州
1167,广汉市汽车站(东门),广汉市,德阳,四川
1168,德惠公路客运站,德惠市,长春,吉林
1169,220283001,,,
1170,禄口机场候机楼,,,
1171,交通技校,,,
1172,福清北站,福清市,福州,福建
1173,峡江巴邱汽车站,峡江县,吉安,江西
1174,博兴站,博兴县,滨州,山东
1175,醴陵中心站,醴陵市,株洲,湖南
1176,桂阳骏马亭汽车站,桂阳县,郴州,湖南
1177,紫金县二运汽车客运站,紫金县,河源,广东
1178,深圳市宝安西乡汽车站,西乡县,汉中,陕西
1179,合山汽车客运服务站,合山市,来宾,广西
1180,邕宁汽车总站,邕宁区,南宁,广西
1181,乐东尖峰路口,乐东黎族自治县,儋州,海南
1182,澄迈和岭,澄迈县,儋州,海南
1183,唐山汽车客运东站,,唐山,河北
1184,贵港西站,,贵港,广西
1185,石城县汽车站,石城县,赣州,江西
1186,英山客运汽车站,英山县,黄冈,湖北
1187,乌丹客运站,,,
1188,大连建设街客运站,,大连,辽宁
1189,222401007,,,
1190,海宁客运中心,海宁市,嘉兴,浙江
1191,望江汽车站,望江县,安庆,安徽
1192,邵武汽车站,邵武市,南平,福建
1193,福安北站,福安市,宁德,福建
1194,康美售票点,,,
1195,瑶湖西招呼站,,,
1196,莘县站,莘县,聊城,山东
1197,金乡站,金乡县,济宁,山东
1198,沂源,沂源县,淄博,山东
1199,邓州汽车站,邓州市,南阳,河南
1200,内乡汽车站,内乡县,南阳,河南
1201,尉氏汽车站,尉氏县,开封,河南
1202,深圳(银湖)汽车站布吉配客点,,深圳,广东
1203,南宁江南客运站,江南区,南宁,广西
1204,莲花客运服务站,莲花县,萍乡,江西
1205,定安路口,定安县,儋州,海南
1206,白沙福妥,白沙黎族自治县,儋州,海南
1207,儋州海头路口,,儋州,海南
1208,重庆西站汽车站,,重庆,重庆
1209,织金汽车站,织金县,毕节,贵州
1210,德阳汽车南站,,德阳,四川
1211,屏山锦之达客运站,屏山县,宜宾,四川
1212,北川城南汽车站,北川羌族自治县,绵阳,四川
1213,三原客运站,三原县,咸阳,陕西
1214,张掖西站(西关车站),,张掖,甘肃
1215,安泽汽车站,安泽县,临汾,山西
1216,永济市舜都汽车客运中心站,永济市,运城,山西
1217,沙圪堵站,,,
1218,突泉客运站,突泉县,兴安,内蒙
1219,盘锦市客运站,,盘锦,辽宁
1220,新民,新民市,沈阳,辽宁
1221,梨树县客运站,梨树区,鸡西,黑龙
1222,溧水站,溧水区,南京,江苏
1223,泰兴北新站,泰兴市,泰州,江苏
1224,江阴新桥,江阴市,无锡,江苏
1225,洞头新城站,新城区,西安,陕西
1226,和谐苑E区（武夷新区）,武夷山市,南平,福建
1227,增瑞,,,
1228,南墅,,,
1229,邵东汽车西站,邵东市,邵阳,湖南
1230,化州汽车客运站,化州市,茂名,广东
1231,深圳福田汽车客运站,福田区,深圳,广东
1232,1|江屯站威整配客点,,,
1233,武鸣汽车总站,武鸣区,南宁,广西
1234,宾阳客货运输服务站,宾阳县,南宁,广西
1235,坡寨,,,
1236,新南门车站,,,
1237,宜宾高铁西站赵场客运中心,铁西区,四平,吉林
1238,赫章汽车站,赫章县,毕节,贵州
1239,文县汽车站,文县,陇南,甘肃
1240,疏勒客运站,疏勒县,喀什,新疆
1241,吐鲁番客运中心,,吐鲁,新疆
1242,句容客运站,句容市,镇江,江苏
1243,萧县,萧县,宿州,安徽
1244,九华山,,,
1245,临川车站,临川区,抚州,江西
1246,章丘,章丘区,济南,山东
1247,安阳中心站,安阳县,安阳,河南
1248,房县,房县,十堰,湖北
1249,钟祥,钟祥市,荆门,湖北
1250,木鱼,,,
1251,东安交通中心汽车站,东安县,永州,湖南
1252,五指山站,五指山市,儋州,海南
1253,开州中心客运站,开州区,重庆,重庆
1254,梓潼客运中心,梓潼县,绵阳,四川
1255,阆中市客运中心,阆中市,南充,四川
1256,华宁汽车客运站,华宁县,玉溪,云南
1257,岑溪汽车客运站,岑溪市,梧州,广西
1258,武鸣总站,武鸣区,南宁,广西
1259,柳城汽车总站,柳城县,柳州,广西
1260,岩寺汽车站,,,
1261,江源公路客运总站,江源区,白山,吉林
1262,太仓站,太仓市,苏州,江苏
1263,东营总站,东营区,东营,山东
1264,孤岛汽车站,,,
1265,曲阜高铁,曲阜市,济宁,山东
1266,许昌汽车南站,,许昌,河南
1267,济源总站,济源市,驻马,河南
1268,漯河汽车南站,,漯河,河南
1269,宜州市汽车服务站,宜州区,河池,广西
1270,乐东尖峰,乐东黎族自治县,儋州,海南
1271,白沙天堂,白沙黎族自治县,儋州,海南
1272,龙楼叉,,,
1273,十公里,,,
1274,白沙探扭,白沙黎族自治县,儋州,海南
1275,荣县西门车站,荣县,自贡,四川
1276,彭州客运中心,彭州市,成都,四川
1277,琴潭汽车客运站,,,
1278,平利客运站,平利县,安康,陕西
1279,旬邑汽车站,旬邑县,咸阳,陕西
1280,辽源市高速客运站,,辽源,吉林
1281,濉溪县中心站,濉溪县,淮北,安徽
1282,南丰客运东站,南丰县,抚州,江西
1283,济阳站,济阳区,济南,山东
1284,邵阳汽车东站,邵阳县,邵阳,湖南
1285,梅县松口汽车客运站,梅县区,梅州,广东
1286,清远连山小三江分站,三江侗族自治县,柳州,广西
1287,桂平汽车总站,桂平市,贵港,广西
1288,海口民航宾馆,,海口,海南
1289,临高美台,临高县,儋州,海南
1290,琼海朝阳,琼海市,儋州,海南
1291,白沙地宝,白沙黎族自治县,儋州,海南
1292,南平,,南平,福建
1293,黔江南站,黔江区,重庆,重庆
1294,铜梁汽车总站(北站）,铜梁区,重庆,重庆
1295,自贡汽车客运总站,,自贡,四川
1296,石阡客运站,石阡县,铜仁,贵州
1297,安顺客运东站,,安顺,贵州
1298,重庆长途汽车站(菜园坝),,重庆,重庆
1299,仙居客运站,仙居县,台州,浙江
1300,榆林汽车南站,,榆林,陕西
1301,宁德客运综合枢纽站,,宁德,福建
1302,玉门市汽车站,玉门市,酒泉,甘肃
1303,三河汽车站,三河市,廊坊,河北
1304,150723001,,,
1305,杭州客运中心站,,杭州,浙江
1306,临平汽车北站,,,
1307,安溪长坑,安溪县,泉州,福建
1308,铅山汽车站,铅山县,上饶,江西
1309,固始汽车站,固始县,信阳,河南
1310,阳春八甲站,阳春市,阳江,广东
1311,阳春合水汽车客运站,合水县,庆阳,甘肃
1312,天堂站,,,
1313,天等客运服务站,天等县,崇左,广西
1314,环江汽车总站,环江毛南族自治县,河池,广西
1315,潼南凉风垭车站,潼南区,重庆,重庆
1316,旺苍客运中心站,旺苍县,广元,四川
1317,东部客运站,,,
1318,吴川汽车客运站,吴川市,湛江,广东
1319,高明汽车客运站,高明区,佛山,广东
1320,山阳客运站,山阳县,商洛,陕西
1321,岚皋汽车站,岚皋县,安康,陕西
1322,音德尔客运站,,,
1323,宏伟区客运中心,宏伟区,辽阳,辽宁
1324,伊通县公路客运总站,伊通满族自治县,四平,吉林
1325,全安广场,,,
1326,长岭县客运总站,长岭县,松原,吉林
1327,231123001,,,
1328,祁门车站,祁门县,黄山,安徽
1329,下洋车站,,,
1330,建设,,,
1331,悦庭酒店,,,
1332,临邑站,临邑县,德州,山东
1333,黄州,黄州区,黄冈,湖北
1334,兴山,兴山县,宜昌,湖北
1335,常德东部区域,,常德,湖南
1336,祁阳汽车站,祁阳县,永州,湖南
1337,开平汽车客运站,开平市,江门,广东
1338,佛山市南海区汽车客运站,南海区,佛山,广东
1339,深圳宝安鹤州售票点,宝安区,深圳,广东
1340,保亭站,保亭黎族苗族自治县,儋州,海南
1341,仙沟,,,
1342,营山汽车客运站,营山县,南充,四川
1343,乐山联运汽车站,,乐山,四川
1344,修文客运站,修文县,贵阳,贵州
1345,通莎客运站,,,
1346,长白客运站,长白朝鲜族自治县,白山,吉林
1347,渭南市运业客运站,,渭南,陕西
1348,西吉汽车站,西吉县,固原,宁夏
1349,尼勒克客运站,尼勒克县,伊犁,新疆
1350,合肥新亚汽车站,,合肥,安徽
1351,北镇,北镇市,锦州,辽宁
1352,龙井市客运总站,龙井市,延边,吉林
1353,泰来县客运中心,泰来县,齐齐,黑龙
1354,泰兴总站,泰兴市,泰州,江苏
1355,洪泽,洪泽区,淮安,江苏
1356,斜滩,,,
1357,南昌汽车西站,南昌县,南昌,江西
1358,登封汽车总站,登封市,郑州,河南
1359,鹤壁淇滨总站,淇滨区,鹤壁,河南
1360,汝州中心站,汝州市,平顶,河南
1361,京山,京山市,荆门,湖北
1362,宜都,宜都市,宜昌,湖北
1363,清远连山汽车客运站,连山壮族瑶族自治县,清远,广东
1364,开平水口汽车客运站,开平市,江门,广东
1365,顺德汽车客运站,顺德区,佛山,广东
1366,佛山市龙山汽车客运站,龙山县,湘西,湖南
1367,深圳市宝安松岗汽车客运站,宝安区,深圳,广东
1368,邦溪立交,,,
1369,米易汽车站,米易县,攀枝,四川
1370,泸沽湖旅游集散中心(景区),,,
1371,上海长途客运南站,,上海,上海
1372,敦煌汽车站,敦煌市,酒泉,甘肃
1373,荆门汽车客运南站,,荆门,湖北
1374,哈巴河客运站,哈巴河县,阿勒,新疆
1375,新塘客运站,,,
1376,民航售票处,,,
1377,多伦客运站,多伦县,锡林,内蒙
1378,220602001,,,
1379,哈尔滨市双城区客运总站,城区,汕尾,广东
1380,开化客运中心南站,开化县,衢州,浙江
1381,靓典家具,,,
1382,夏津汽车站,夏津县,德州,山东
1383,绥宁汽车站,绥宁县,邵阳,湖南
1384,五华汽车站,五华区,昆明,云南
1385,东莞市石龙汽车客运站,东莞市,东莞,广东
1386,肇庆高新区汽车客运服务站,,肇庆,广东
1387,云城金山汽车客运站,云城区,云浮,广东
1388,北流总站,北流市,玉林,广西
1389,临高调楼,临高县,儋州,海南
1390,文昌迈南,文昌市,儋州,海南
1391,儋州西联,,儋州,海南
1392,保亭毛岸,保亭黎族苗族自治县,儋州,海南
1393,海南银行,海南区,乌海,内蒙
1394,江津客运中心,江津区,重庆,重庆
1395,绵阳平政汽车站,,绵阳,四川
1396,宜宾市高速公路客运站,,宜宾,四川
1397,凯里城南汽车站,凯里市,黔东,贵州
1398,岳池综合客运枢纽站,岳池县,广安,四川
1399,罗江汽车站,罗江区,德阳,四川
1400,乌鲁木齐高铁汽车站,乌鲁木齐县,乌鲁,新疆
1401,揭阳岐山客运站,岐山县,宝鸡,陕西
1402,宜州汽车服务站,宜州区,河池,广西
1403,城北客运站,城北区,西宁,青海
1404,麦盖提客运站,麦盖提县,喀什,新疆
1405,石河子开发区客运站,石河子市,阿勒,新疆
1406,且末客运站,且末县,巴音,新疆
1407,壶关汽车站,壶关县,长治,山西
1408,祁门站,祁门县,黄山,安徽
1409,马鞍山长途站,,马鞍,安徽
1410,呼和浩特长途汽车站,,呼和,内蒙
1411,德惠市公路客运站,德惠市,长春,吉林
1412,泰州南站,,泰州,江苏
1413,高港北站,港北区,贵港,广西
1414,鹿寨城南汽车客运服务站,鹿寨县,柳州,广西
1415,广东高州,高州市,茂名,广东
1416,资阳市乐至县汽车站（六十队),乐至县,资阳,四川
1417,临江口岸站,江口县,铜仁,贵州
1418,柳河客运站,柳河县,通化,吉林
1419,霞浦汽车站,霞浦县,宁德,福建
1420,宾阳汽车总站,宾阳县,南宁,广西
1421,汉中汽车站,,汉中,陕西
1422,西宁中心站,,西宁,青海
1423,乘车站名称,,,
1424,长子汽车站,长子县,长治,山西
1425,合肥汽车客运西站,,合肥,安徽
1426,宝昌汽车站,,,
1427,铁岭市综合客运枢纽站,铁岭县,铁岭,辽宁
1428,西安桥外,西安区,牡丹,黑龙
1429,230702005,,,
1430,230302001,,,
1431,230707001,,,
1432,鹤岗公路客运中心站,,鹤岗,黑龙
1433,南浦大桥站,,,
1434,东山铜陵,东山县,漳州,福建
1435,龙岩中心站(火车站),,龙岩,福建
1436,萍乡汽车站,,萍乡,江西
1437,玉山,玉山县,上饶,江西
1438,烟台国际机场,,烟台,山东
1439,泺口站,,,
1440,陵城汽车站,陵城区,德州,山东
1441,青白江客运站,青白江区,成都,四川
1442,安岳东门汽车客运站,安岳县,资阳,四川
1443,南昌西站,南昌县,南昌,江西
1444,天津西站长途汽车站,,天津,天津
1445,都昌汽车总站,都昌县,九江,江西
1446,高台西关汽车站,高台县,张掖,甘肃
1447,于田客运站,于田县,和田,新疆
1448,丰县汽车站,丰县,徐州,江苏
1449,如皋白蒲站,如皋市,南通,江苏
1450,东阳西站,阳西县,阳江,广东
1451,永定汽车站,永定区,张家,湖南
1452,五龙村,,,
1453,西园镇(可人头大桥),,,
1454,温县中心站(老站),温县,焦作,河南
1455,辰溪汽车站,辰溪县,怀化,湖南
1456,上思汽车客运服务站,上思县,防城,广西
1457,文昌铺前,文昌市,儋州,海南
1458,黄竹叉,,,
1459,澄迈福山口,澄迈县,儋州,海南
1460,广西南宁市,,南宁,广西
1461,成都石羊场车站,,成都,四川
1462,宁蒗客运站,宁蒗彝族自治县,丽江,云南
1463,平凉汽车东站,,平凉,甘肃
1464,长沙汽车东站,长沙县,长沙,湖南
1465,兰州客运中心站,,兰州,甘肃
1466,武都汽车站,武都区,陇南,甘肃
1467,武鸣汽车站,武鸣区,南宁,广西
1468,聂拉木县客运站,聂拉木县,日喀,西藏
1469,秦安县汽车北站,秦安县,天水,甘肃
1470,岳普湖客运站,岳普湖县,喀什,新疆
1471,义县客运站,义县,锦州,辽宁
1472,230882002,,,
1473,231025006,,,
1474,方正县鹏程公路客运站,方正县,哈尔,黑龙
1475,江坊加油站,,,
1476,烟台南站,,烟台,山东
1477,枣庄汽车南站,,枣庄,山东
1478,宛运淅川汽车站,淅川县,南阳,河南
1479,太康汽车站,太康县,周口,河南
1480,湘乡市汽车站,湘乡市,湘潭,湖南
1481,韶关乳源汽车客运站,乳源瑶族自治县,韶关,广东
1482,广州市交通站场建设管理中心滘口汽车客运站,,广州,广东
1483,上冲站,,,
1484,神泉镇第四招呼站,,,
1485,龙胜总站,龙胜各族自治县,桂林,广西
1486,凌云汽车站,凌云县,百色,广西
1487,广东茂名,,茂名,广东
1488,定安龙河,安龙县,黔西,贵州
1489,福建漳州漳浦县,漳浦县,漳州,福建
1490,五指山毛阳,五指山市,儋州,海南
1491,合川总站,合川区,重庆,重庆
1492,威远县客运站,威远县,内江,四川
1493,麻江汽车站,麻江县,黔东,贵州
1494,银川旅游汽车站,,银川,宁夏
1495,唐家汽车客运站,,,
1496,第八师长运旅客集散中心客运站,,,
1497,天水汽车西站,,天水,甘肃
1498,兰州南站,,兰州,甘肃
1499,中宁汽车站,中宁县,中卫,宁夏
1500,沙圪堵汽车站,,,
1501,四平公路客运总站,,四平,吉林
1502,丁山站,,,
1503,石台站,石台县,池州,安徽
1504,尤溪,尤溪县,三明,福建
1505,上饶东站,,上饶,江西
1506,皇冠假日酒店,,,
1507,陶然站,,,
1508,街河市,,,
1509,冷水江汽车站,冷水江市,娄底,湖南
1510,桃江灰山港车站,桃江县,益阳,湖南
1511,五金街点,,,
1512,大亚湾汽车客运站,,,
1513,东莞市石排汽车客运站,东莞市,东莞,广东
1514,儋州洋浦立交,,儋州,海南
1515,北碚客运中心,北碚区,重庆,重庆
1516,荥经汽车站,荥经县,雅安,四川
1517,汕头潮阳客运站,潮阳区,汕头,广东
1518,黄果树客运站,,,
1519,荔浦汽车总站,荔浦市,桂林,广西
1520,凤翔汽车站,凤翔县,宝鸡,陕西
1521,运城市客运中心站,,运城,山西
1522,保德汽车站,保德县,忻州,山西
1523,合肥客运中心站,,合肥,安徽
1524,察右后旗汽车站,,,
1525,达旗中心站,,,
1526,大石桥市汽车客运站,大石桥市,营口,辽宁
1527,浏河站,,,
1528,烟台西,,烟台,山东
1529,禹城汽车站,禹城市,德州,山东
1530,石花,,,
1531,枣阳,枣阳市,襄阳,湖北
1532,湘潭汽车西站,湘潭县,湘潭,湖南
1533,阳春圭岗汽车客运站,阳春市,阳江,广东
1534,琼中阳江农场,琼中黎族苗族自治县,儋州,海南
1535,定安永丰,定安县,儋州,海南
1536,屯昌枫木,屯昌县,儋州,海南
1537,眉山汽车客运站,,眉山,四川
1538,毕节西站,,毕节,贵州
1539,泾川客运站,泾川县,平凉,甘肃
1540,柳州南站,,柳州,广西
1541,长顺汽车客运站,长顺县,黔南,贵州
1542,加查县客运站,加查县,山南,西藏
1543,稔田,,,
1544,山后,,,
1545,嘉祥站,嘉祥县,济宁,山东
1546,沙河大骋,沙河口区,大连,辽宁
1547,烟台工贸,,烟台,山东
1548,深圳龙岗长途汽车客运站,龙岗区,深圳,广东
1549,3|江屯站地豆配客点,,,
1550,琼海站,琼海市,儋州,海南
1551,峨眉山九珠客运中心,峨眉山市,乐山,四川
1552,邻水汽车客运中心,邻水县,广安,四川
1553,云县汽车客运站,云县,临沧,云南
1554,巫山翠屏汽车客运站,翠屏区,宜宾,四川
1555,黄岩客运中心,黄岩区,台州,浙江
1556,上海青浦客运站,青浦区,上海,上海
1557,柞水汽车站,柞水县,商洛,陕西
1558,南充市城北汽车站,城北区,西宁,青海
1559,兰州新区客运中心站,,兰州,甘肃
1560,台州西站,,台州,浙江
1561,龙田,,,
1562,恒宝城市广场,,,
1563,福州华威站,,福州,福建
1564,宏村站,,,
1565,明水,明水县,绥化,黑龙
1566,费县,费县,临沂,山东
1567,邹平站,邹平市,滨州,山东
1568,磁窑站,,,
1569,通许汽车站,通许县,开封,河南
1570,上街汽车站,上街区,郑州,河南
1571,陆丰碣石汽车站,陆丰市,汕尾,广东
1572,文昌东坡,东坡区,眉山,四川
1573,屯昌大陆坡,屯昌县,儋州,海南
1574,上高西站,上高县,宜春,江西
1575,上海高桥长途汽车站,,上海,上海
1576,周宁汽车站,周宁县,宁德,福建
1577,樟树京九汽车站,樟树市,宜春,江西
1578,托里县客运站,托里县,塔城,新疆
1579,淮北市客运中心站,,淮北,安徽
1580,二连浩特国际汽车站,二连浩特市,锡林,内蒙
1581,苏家屯,苏家屯区,沈阳,辽宁
1582,延吉东北亚客运北站,延吉市,延边,吉林
1583,231124002,,,
1584,新西站,,,
1585,深沪售票点,,,
1586,深圳市龙岗坪地汽车客运站,龙岗区,深圳,广东
1587,昭平县汽车客运服务站,昭平县,贺州,广西
1588,临高新盈票点,临高县,儋州,海南
1589,文昌会文,文昌市,儋州,海南
1590,安化城南汽车站,安化县,益阳,湖南
1591,会昌汽车站,会昌县,赣州,江西
1592,红门客运站,,,
1593,泸沽汽车站,,,
1594,富县汽车站,富县,延安,陕西
1595,屯溪,屯溪区,黄山,安徽
1596,海林市公路客运站,海林市,牡丹,黑龙
1597,川沙站,,,
1598,薛城汽车站,薛城区,枣庄,山东
1599,茶陵汽车站,茶陵县,株洲,湖南
1600,常德市区（上门接送）,,常德,湖南
1601,梅州汽车客运站,,梅州,广东
1602,富川汽车客运站,富川瑶族自治县,贺州,广西
1603,忻城汽车客运服务站,忻城县,来宾,广西
1604,万盛客运中心,,,
1605,富顺县客运中心,富顺县,自贡,四川
1606,从江客运站,从江县,黔东,贵州
1607,达州汽车南站,,达州,四川
1608,巴塘汽车站,巴塘县,甘孜,四川
1609,台州市客运中心(路桥),路桥区,台州,浙江
1610,竹溪客运站,竹溪县,十堰,湖北
1611,南川西路客运站,南川区,重庆,重庆
1612,化州河西客运站,化州市,茂名,广东
1613,汕头汽车客运站,,汕头,广东
1614,福州汽车南站,,福州,福建
1615,甘泉汽车站,甘泉县,延安,陕西
1616,宝鸡中心站,,宝鸡,陕西
1617,汉中城东客运站,城东区,西宁,青海
1618,广灵汽车站,广灵县,大同,山西
1619,沁县汽车站,沁县,长治,山西
1620,高速站客运站,,,
1621,天定山滑雪场,,,
1622,230381097,,,
1623,广陵站,广陵区,扬州,江苏
1624,江都汽车客运站,江都区,扬州,江苏
1625,蒙城站,蒙城县,亳州,安徽
1626,农大博才宾馆,,,
1627,舞阳汽车站,舞阳县,漯河,河南
1628,南乐汽车站,南乐县,濮阳,河南
1629,航海客运站,,,
1630,檀林,,,
1631,永兴县金都汽车站,永兴县,郴州,湖南
1632,韶关客运站,,韶关,广东
1633,大埔汽车客运站,大埔县,梅州,广东
1634,保亭三道农场,保亭黎族苗族自治县,儋州,海南
1635,贵阳金阳站,金阳县,凉山,四川
1636,安顺客运西站（高铁西站旁）,铁西区,四平,吉林
1637,略阳客运站,略阳县,汉中,陕西
1638,碧口汽车站,,,
1639,凤城,凤城市,丹东,辽宁
1640,长春市客运中心站,,长春,吉林
1641,延吉西站,延吉市,延边,吉林
1642,230902002,,,
1643,230521003,,,
1644,宁安市客运总站,宁安市,牡丹,黑龙
1645,江阴大运,江阴市,无锡,江苏
1646,永嘉上塘客运站,永嘉县,温州,浙江
1647,丹阳,丹阳市,镇江,江苏
1648,清流,清流县,三明,福建
1649,黄城车站,,,
1650,海阳,海阳市,烟台,山东
1651,广场站,,,
1652,祁东站,祁东县,衡阳,湖南
1653,汕尾汽车客运站,,汕尾,广东
1654,广州市交通站场建设管理中心芳村汽车客运站,,广州,广东
1655,罗定汽车客运站,罗定市,云浮,广东
1656,溪西镇第三招呼站,,,
1657,武宣汽车客运服务站,武宣县,来宾,广西
1658,文昌东阁,文昌市,儋州,海南
1659,临高龙波,临高县,儋州,海南
1660,新宁路客运站,新宁县,邵阳,湖南
1661,江源客运总站,江源区,白山,吉林
1662,湛江海田客运站,江海区,江门,广东
1663,安溪西坪汽车站,安溪县,泉州,福建
1664,聂荣县客运站,聂荣县,那曲,西藏
1665,定西汽车北站,,定西,甘肃
1666,合作汽车南站,合作市,甘南,甘肃
1667,兵团第九师客运站,,,
1668,呼和浩特长途站,,呼和,内蒙
1669,230624017,,,
1670,宿迁汽车站,,宿迁,江苏
1671,昆山北站,昆山市,苏州,江苏
1672,丹阳公交总站,丹阳市,镇江,江苏
1673,常州旅游学校,,常州,江苏
1674,辛庄卡口,,,
1675,贾汪站,贾汪区,徐州,江苏
1676,烟台南,,烟台,山东
1677,莒县车站,莒县,日照,山东
1678,禹州第一汽车站,禹州市,许昌,河南
1679,陵南客运站,,,
1680,保靖县汽车站,保靖县,湘西,湖南
1681,娄底湘运汽车站,,娄底,湖南
1682,东莞市常平汽车客运站,东莞市,东莞,广东
1683,汽车北站,,,
1684,琼海路口,琼海市,儋州,海南
1685,澄迈老城,澄迈县,儋州,海南
1686,重庆汽车站,,重庆,重庆
1687,西彭汽车站,,,
1688,昭觉寺车站,昭觉县,凉山,四川
1689,汕头岐山客运站,岐山县,宝鸡,陕西
1690,阳朔汽车总站,阳朔县,桂林,广西
1691,杏林汽车站,,,
1692,江口梵净山车站,江口县,铜仁,贵州
1693,长沙星沙汽车站,长沙县,长沙,湖南
1694,华亭汽车站,华亭市,平凉,甘肃
1695,铜川汽车站,,铜川,陕西
1696,陇县汽车站,陇县,宝鸡,陕西
1697,靖远汽车站,靖远县,白银,甘肃
1698,山丹县汽车西站,山丹县,张掖,甘肃
1699,陇南市成县汽车站,成县,陇南,甘肃
1700,岚县客运站,岚县,吕梁,山西
1701,通达长途汽车站,,,
1702,230523006,,,
1703,同江国际客运站,同江市,佳木,黑龙
1704,灌南客运总站,灌南县,连云,江苏
1705,兰溪西站,兰溪市,金华,浙江
1706,柘荣,柘荣县,宁德,福建
1707,北泊,,,
1708,广饶汽车总站,广饶县,东营,山东
1709,阳信站,阳信县,滨州,山东
1710,沙市长途站,沙市区,荆州,湖北
1711,襄州汽车客运站,襄州区,襄阳,湖北
1712,凤凰汽车客运总站,凤凰县,湘西,湖南
1713,韶关南雄汽车客运站,南雄市,韶关,广东
1714,广州市交通站场建设管理中心夏茅汽车客运站,,广州,广东
1715,茂名中心站,,茂名,广东
1716,汕头市汽车客运站,,汕头,广东
1717,汕头礐石汽车客运站,,汕头,广东
1718,汕头潮南区粤运汽车客运站,潮南区,汕头,广东
1719,柳城汽车客运服务站,柳城县,柳州,广西
1720,琼海烟塘,琼海市,儋州,海南
1721,城西客运站,城西区,西宁,青海
1722,安康高客站,,安康,陕西
1723,大同棚户区汽车站,大同区,大庆,黑龙
1724,瓦房店,瓦房店市,大连,辽宁
1725,230127001,,,
1726,观音机场,,,
1727,南通西站,,南通,江苏
1728,南平建阳站,建阳区,南平,福建
1729,古田会址站,古田县,宁德,福建
1730,上南村,,,
1731,龙山,龙山县,湘西,湖南
1732,临沂北站,,临沂,山东
1733,鲁东大学蓬莱校区,蓬莱区,烟台,山东
1734,洛阳汽车站,,洛阳,河南
1735,南阳西站,阳西县,阳江,广东
1736,武穴站,武穴市,黄冈,湖北
1737,浠水,浠水县,黄冈,湖北
1738,老车站,,,
1739,宜章车站,宜章县,郴州,湖南
1740,松柏汽车站,,,
1741,东莞黄江配客点,东莞市,东莞,广东
1742,阳朔总站（阳朔北站）,阳朔县,桂林,广西
1743,港口汽车客运服务站,港口区,防城,广西
1744,都安汽车总站,都安瑶族自治县,河池,广西
1745,容县城南客运服务站,容县,玉林,广西
1746,乐东三平,乐东黎族自治县,儋州,海南
1747,广西河池大化,大化瑶族自治县,河池,广西
1748,宝兴汽车站,宝兴县,雅安,四川
1749,宣汉客运站,宣汉县,达州,四川
1750,兵团奎屯客运站,奎屯市,伊犁,新疆
1751,盘县红果汽车客运站,,,
1752,咸阳北站,,咸阳,陕西
1753,朔州汽车客运北站,,朔州,山西
1754,陕坝汽车站,,,
1755,锦州客运南站,,锦州,辽宁
1756,双鸭山客运总站,,双鸭,黑龙
1757,嘉善县客运中心,嘉善县,嘉兴,浙江
1758,新乡汽车东站,新乡县,新乡,河南
1759,十堰南站,,十堰,湖北
1760,仙桃,仙桃市,恩施,湖北
1761,娄底汽车站,,娄底,湖南
1762,三江汽车客运服务站,三江侗族自治县,柳州,广西
1763,岑溪汽车客运服务站,岑溪市,梧州,广西
1764,上林县客运服务站,上林县,南宁,广西
1765,北碚总站,北碚区,重庆,重庆
1766,安顺旅游集散中心,,安顺,贵州
1767,十陵车站,,,
1768,汉阴汽车站,汉阴县,安康,陕西
1769,合山汽车站,合山市,来宾,广西
1770,浏阳汽车西站,浏阳市,长沙,湖南
1771,米林县客运站,米林县,林芝,西藏
1772,长武客运站,长武县,咸阳,陕西
1773,周至客运站自助机,周至县,西安,陕西
1774,沈阳五爱深港客运站,,沈阳,辽宁
1775,阜新枢纽客运站,阜新蒙古族自治县,阜新,辽宁
1776,集安市公路客运总站,集安市,通化,吉林
1777,231226001,,,
1778,230604011,,,
1779,逊克县公路客运站,逊克县,黑河,黑龙
1780,同里站,,,
1781,温州牛山站,,温州,浙江
1782,摩天岭,,,
1783,长沙南,长沙县,长沙,湖南
1784,浏阳西,阳西县,阳江,广东
1785,安江汽车站,,,
1786,深圳市龙岗龙东汽车客运站,龙岗区,深圳,广东
1787,站C出口(肯德基路边),,,
1788,乐东黄流站,乐东黎族自治县,儋州,海南
1789,乐至北门汽车站,乐至县,资阳,四川
1790,大英士博车站,大英县,遂宁,四川
1791,阿荣旗汽车站,阿荣旗,呼伦,内蒙
1792,清涧汽车站,清涧县,榆林,陕西
1793,越西汽车站,越西县,凉山,四川
1794,拉孜县客运站,拉孜县,日喀,西藏
1795,右玉汽车站,右玉县,朔州,山西
1796,合肥汽车站,,合肥,安徽
1797,230128001,,,
1798,密山市客运中心,密山市,鸡西,黑龙
1799,南京客运南站,,南京,江苏
1800,温州双屿站,,温州,浙江
1801,乐平车站,乐平市,景德,江西
1802,滑县汽车站,滑县,安阳,河南
1803,郏县新汽车站,郏县,平顶,河南
1804,罗定市素龙客运站,罗定市,云浮,广东
1805,广西超大横县客货运服务中心,横县,南宁,广西
1806,文昌隆丰,文昌市,儋州,海南
1807,保亭新政,保亭黎族苗族自治县,儋州,海南
1808,儋州海头立交,,儋州,海南
1809,资阳汽车客运站(北门),资阳区,益阳,湖南
1810,大竹客运站(双马),大竹县,达州,四川
1811,荣昌汽车站(69队),荣昌区,重庆,重庆
1812,朔州客运北站,,朔州,山西
1813,水口汽车客运站,,,
1814,郴州城际大巴站,,郴州,湖南
1815,庄浪汽车站（南站）,庄浪县,平凉,甘肃
1816,泾源汽车站,泾源县,固原,宁夏
1817,榆树市公路客运总站,榆树市,长春,吉林
1818,23011101,,,
1819,无锡东站,,无锡,江苏
1820,如东马塘站,如东县,南通,江苏
1821,沅陵县五强溪汽车站,沅陵县,怀化,湖南
1822,阳西禾塘站,阳西县,阳江,广东
1823,深圳宝安客运中心汽车站,宝安区,深圳,广东
1824,澄迈中兴,澄迈县,儋州,海南
1825,儋州老根,,儋州,海南
1826,达州市汽车北站,,达州,四川
1827,大邑客运站,大邑县,成都,四川
1828,荔波小七孔车站,荔波县,黔南,贵州
1829,徐坊客运站,,,
1830,南县兴盛南站,南县,益阳,湖南
1831,中川机场站,,,
1832,平凉,,平凉,甘肃
1833,河南县汽车站,河南蒙古族自治县,黄南,青海
1834,盐池汽车站,盐池县,吴忠,宁夏
1835,盘锦市长途汽车客运站,,盘锦,辽宁
1836,2304,,,
1837,集贤县客运站,集贤县,双鸭,黑龙
1838,苏州西站,,苏州,江苏
1839,梧村,,,
1840,管前,,,
1841,广丰,广丰区,上饶,江西
1842,监利,监利县,荆州,湖北
1843,广州市广园汽车客运站,,广州,广东
1844,阳春双滘站,阳春市,阳江,广东
1845,广宁县江屯汽车客运站,宁县,庆阳,甘肃
1846,平南汽车总站,平南县,贵港,广西
1847,广州南站,,广州,广东
1848,广西玉林容县,容县,玉林,广西
1849,理塘县汽车站(康南客运中心),理塘县,甘孜,四川
1850,黑水汽车站,黑水县,阿坝,四川
1851,丹巴客运站,丹巴县,甘孜,四川
1852,柳州旅游集散中心,,柳州,广西
1853,佳木斯公路客运枢纽站,,佳木,黑龙
1854,深圳汽车站（原银湖汽车站）,,深圳,广东
1855,东华客运站,,,
1856,金竹汽车站,,,
1857,230882001,,,
1858,230184003,,,
1859,231223088,,,
1860,如东汽车站,如东县,南通,江苏
1861,如东双甸站,如东县,南通,江苏
1862,武平汽车站,武平县,龙岩,福建
1863,考训场,,,
1864,龙门镇政府,龙门县,惠州,广东
1865,碧水公园,,,
1866,郯城,郯城县,临沂,山东
1867,沈丘客运北站,沈丘县,周口,河南
1868,古河,,,
1869,安仁汽车站,安仁县,郴州,湖南
1870,隆江镇第四招呼站,,,
1871,茂名信宜南站,信宜市,茂名,广东
1872,五华环城汽车客运站,五华区,昆明,云南
1873,中山市汽车客运站,中山市,中山,广东
1874,临高加来票点,临高县,儋州,海南
1875,文昌冯坡,文昌市,儋州,海南
1876,广东廉江市,廉江市,湛江,广东
1877,琼海朝阳培兰,琼海市,儋州,海南
1878,澄迈谭城,澄迈县,儋州,海南
1879,渠县汽车北站,渠县,达州,四川
1880,磐石客运站,磐石市,吉林,吉林
1881,临洮汽车北站,临洮县,定西,甘肃
1882,海北州汽车站,,海北,青海
1883,乌鲁木齐南郊客运站,乌鲁木齐县,乌鲁,新疆
1884,离石汽车客运总站,离石区,吕梁,山西
1885,鄂尔多斯市客运总站,,鄂尔,内蒙
1886,卫星广场站,,,
1887,延吉客运总站,延吉市,延边,吉林
1888,230403001,,,
1889,穆棱镇客运站,穆棱市,牡丹,黑龙
1890,吴淞站,,,
1891,凤阳西汽车站,阳西县,阳江,广东
1892,枋湖,,,
1893,十方汽车站,,,
1894,滨州总站,,滨州,山东
1895,兰陵,兰陵县,临沂,山东
1896,罗定市罗镜汽车客运站,罗定市,云浮,广东
1897,宝安客运中心,宝安区,深圳,广东
1898,上林汽车总站,上林县,南宁,广西
1899,北流市客运中心,北流市,玉林,广西
1900,文昌龙马叉,龙马潭区,泸州,四川
1901,成都北门车站(梁家巷),,成都,四川
1902,瓮安汽车南站,瓮安县,黔南,贵州
1903,荣昌富吉汽车站（三级车站）,荣昌区,重庆,重庆
1904,惠水客运站,惠水县,黔南,贵州
1905,机场车站,,,
1906,忻州汽车站,,忻州,山西
1907,鄱阳客运总站,鄱阳县,上饶,江西
1908,宏泰客运中心站,,,
1909,汕尾市霞洋客运站,,汕尾,广东
1910,嘎鲁图汽车站,,,
1911,平庄汽车站（旧）,,,
1912,230229001,,,
1913,泰州京泰站,,泰州,江苏
1914,社客站,,,
1915,江田,,,
1916,古田镇政府,古田县,宁德,福建
1917,遂川汽车站,遂川县,吉安,江西
1918,西峡汽车站,西峡县,南阳,河南
1919,郑州西站,,郑州,河南
1920,南县大通湖汽车站,大通回族土族自治县,西宁,青海
1921,陆河县汽车客运站,陆河县,汕尾,广东
1922,仙庵镇第四招呼站,,,
1923,东莞樟木头振通配客点,东莞市,东莞,广东
1924,贵港汽车总站,,贵港,广西
1925,琼中营根站,琼中黎族苗族自治县,儋州,海南
1926,广东深圳,,深圳,广东
1927,乐东利国,乐东黎族自治县,儋州,海南
1928,文昌宋六,文昌市,儋州,海南
1929,重庆开县,,重庆,重庆
1930,瑞昌汽车站,瑞昌市,九江,江西
1931,长阳客运中心站,长阳土家族自治县,宜昌,湖北
1932,凭祥客运总站,凭祥市,崇左,广西
1933,秦安汽车北站,秦安县,天水,甘肃
1934,本溪县中心客运站,本溪满族自治县,本溪,辽宁
1935,230103004,,,
1936,九三局直客运站,,,
1937,海安曲塘站,海安市,南通,江苏
1938,余姚长途站,余姚市,宁波,浙江
1939,福州北站,,福州,福建
1940,抚市中学,市中区,乐山,四川
1941,上饶客运中心站,,上饶,江西
1942,泰安站,,泰安,山东
1943,菏泽东站,,菏泽,山东
1944,洛宁汽车站,洛宁县,洛阳,河南
1945,公安,公安县,荆州,湖北
1946,阳逻,,,
1947,王江站,,,
1948,陆丰市城北客运站,城北区,西宁,青海
1949,定安文笔峰,定安县,儋州,海南
1950,白沙光雅,白沙黎族自治县,儋州,海南
1951,万州汽车南站,万州区,重庆,重庆
1952,富顺城东客运站,城东区,西宁,青海
1953,江津白沙汽车站,江津区,重庆,重庆
1954,崇左国际客运中心,,崇左,广西
1955,慈利汽车东站,慈利县,张家,湖南
1956,包头东河汽车站,东河区,包头,内蒙
1957,晋城市客运东站,,晋城,山西
1958,宁武汽车客运站,宁武县,忻州,山西
1959,锦山客运站,,,
1960,230381003,,,
1961,安达市公路客运站,安达市,绥化,黑龙
1962,徐州西站,,徐州,江苏
1963,灌南县汽车客运站,南县,益阳,湖南
1964,东阳东站,阳东区,阳江,广东
1965,石狮服装城车站,石狮市,泉州,福建
1966,福安,福安市,宁德,福建
1967,福鼎北站,福鼎市,宁德,福建
1968,威海,,威海,山东
1969,钢城站,钢城区,济南,山东
1970,郓城汽车站,郓城县,菏泽,山东
1971,庆云县汽车站,云县,临沧,云南
1972,巩义长途汽车站,巩义市,郑州,河南
1973,洛阳龙门客运中心,龙门县,惠州,广东
1974,安陆,安陆市,孝感,湖北
1975,南岳汽车站,南岳区,衡阳,湖南
1976,恩平市汽车客运站,恩平市,江门,广东
1977,北海和信客运中心,,北海,广西
1978,文昌新桥,文昌市,儋州,海南
1979,纳溪河东车站,纳溪区,泸州,四川
1980,高坪汽车站,高坪区,南充,四川
1981,蒙自汽车客运站,蒙自市,红河,云南
1982,都匀汽车客运东站,都匀市,黔南,贵州
1983, 陈仓客运汽车站,陈仓区,宝鸡,陕西
1984,华亭客运中心,华亭市,平凉,甘肃
1985,双辽市客运总站,双辽市,四平,吉林
1986,230712001,,,
1987,230103007,,,
1988,沪铁站,,,
1989,张渚车站,,,
1990,东海客运北站,东海县,连云,江苏
1991,桐庐中心站,桐庐县,杭州,浙江
1992,湖州绿色东站,,湖州,浙江
1993,岩前,,,
1994,河东车站,河东区,临沂,山东
1995,南阳南站,,南阳,河南
1996,隆回汽车西站,隆回县,邵阳,湖南
1997,沅江百合汽车站,沅江市,益阳,湖南
1998,江门汽车客运站,,江门,广东
1999,江屯站威整配客点,,,
2000,来宾汽车总站,,来宾,广西
2001,儋州八一场,,儋州,海南
2002,广东阳江,东阳市,金华,浙江
2003,白沙大岭,白沙黎族自治县,儋州,海南
2004,龙泉阳光城车站,龙泉驿区,成都,四川
2005,象山县汽车客运中心,象山区,桂林,广西
2006,电白客运中心站,电白区,茂名,广东
2007,武隆县客运站,武隆区,重庆,重庆
2008,武宁汽车站,武宁县,九江,江西
2009,高崎汽车站,,,
2010,宏村,,,
2011,231182001,,,
2012,河田客运站,,,
2013,红坊,,,
2014,平潭新车站,平潭县,福州,福建
2015,岵山侨乡售票点,,,
2016,乐安,乐安县,抚州,江西
2017,烟台,,烟台,山东
2018,院上,,,
2019,枣庄汽车西站,,枣庄,山东
2020,沁阳市汽车站,沁阳市,焦作,河南
2021,三峡职教园,,,
2022,五华夏阜点,五华区,昆明,云南
2023,天峨汽车总站,天峨县,河池,广西
2024,合浦县汽车客运中心,合浦县,北海,广西
2025,海口东站,,海口,海南
2026,广东信宜,信宜市,茂名,广东
2027,云南昆明,,昆明,云南
2028,巫溪上古汽车站,巫溪县,重庆,重庆
2029,江南枢纽（长生桥车站,江南区,南宁,广西
2030,瓦子铺枢纽站(永川汽,永川区,重庆,重庆
2031,成都双流机场车站,双流区,成都,四川
2032,洪雅客运中心,洪雅县,眉山,四川
2033,金川客运中心,金川区,金昌,甘肃
2034,九寨沟口长途客运站(官方),九寨沟县,阿坝,四川
2035,通化县客运站,通化县,通化,吉林
2036,惠州仲恺汽车客运站,,惠州,广东
2037,桐庐分水汽车站,桐庐县,杭州,浙江
2038,宁明客运总站,宁明县,崇左,广西
2039,上林客运总站,上林县,南宁,广西
2040,太白客运站,太白县,宝鸡,陕西
2041,莎车县客运站,莎车县,喀什,新疆
2042,本溪市,本溪满族自治县,本溪,辽宁
2043,喀左客运站,,,
2044,凌海,凌海市,锦州,辽宁
2045,230822001,,,
2046,淮安东站,淮安区,淮安,江苏
2047,杭州汽车西站,,杭州,浙江
2048,玉屏桥公交站,玉屏侗族自治县,铜仁,贵州
2049,水吉,,,
2050,夏格庄,,,
2051,德州总站,,德州,山东
2052,桓台,桓台县,淄博,山东
2053,岳阳站,岳阳县,岳阳,湖南
2054,东莞市汽车客运东站,东莞市,东莞,广东
2055,德庆凤村站,德庆县,肇庆,广东
2056,珠海海洋科学酒店,,珠海,广东
2057,横县汽车总站,横县,南宁,广西
2058,恭城总站,恭城瑶族自治县,桂林,广西
2059,乐业汽车站,乐业县,百色,广西
2060,定安雷鸣,定安县,儋州,海南
2061,三亚崖城,,三亚,海南
2062,澄迈新吴,澄迈县,儋州,海南
2063,广西百色平果,平果市,百色,广西
2064,长宁竹海客运中心,长宁县,宜宾,四川
2065,双流客运中心,双流区,成都,四川
2066,肇庆城东客运站,城东区,西宁,青海
2067,韶关南雄客运站,南雄市,韶关,广东
2068,青山客运站,青山区,武汉,湖北
2069,会宁县亚欧桥汽车站,宁县,庆阳,甘肃
2070,灵武汽车站,灵武市,银川,宁夏
2071,海城长途客运站,海城区,北海,广西
2072,靖宇县公路客运总站,靖宇县,白山,吉林
2073,安广客运站,,,
2074,十方高速口,,,
2075,福鼎南站,福鼎市,宁德,福建
2076,连城高速口,连城县,龙岩,福建
2077,上栗车站,上栗县,萍乡,江西
2078,威海凯顺票务中心,,威海,山东
2079,刘家场,,,
2080,南岳机场,南岳区,衡阳,湖南
2081,惠来葵西客运站,惠来县,揭阳,广东
2082,中山市城南汽车客运站,中山市,中山,广东
2083,容县总站,容县,玉林,广西
2084,思南城北客运站,城北区,西宁,青海
2085,成都茶店子车站,,成都,四川
2086,石羊场车站,,,
2087,中江城北车站,城北区,西宁,青海
2088,平果客运站,平果市,百色,广西
2089,花土沟车站,,,
2090,白山市公路西客运站,,白山,吉林
2091,210103001,,,
2092,230126020,,,
2093,大庆客运集团公路客运西站,,大庆,黑龙
2094,盐城汽车北站,,盐城,江苏
2095,广饶站,广饶县,东营,山东
2096,峰口,,,
2097,石门县汽车站,石门县,常德,湖南
2098,耒阳五里牌汽车站,耒阳市,衡阳,湖南
2099,武冈汽车东站,武冈市,邵阳,湖南
2100,河源汽车客运站,,河源,广东
2101,大沥汽车站,,,
2102,定安王介,定安县,儋州,海南
2103,东方,东方市,儋州,海南
2104,广西宜州,宜州区,河池,广西
2105,林场,,,
2106,万州汽车北站,万州区,重庆,重庆
2107,城东客运站,城东区,西宁,青海
2108,白玉县汽车站,白玉县,甘孜,四川
2109,新发地长途客运站,,,
2110,鄂尔多斯客运总站,,鄂尔,内蒙
2111,太原客运东站,,太原,山西
2112,滁州北站,,滁州,安徽
2113,通辽汽车站,,通辽,内蒙
2114,辽中客运站,辽中区,沈阳,辽宁
2115,230382003,,,
2116,230781086,,,
2117,古溪站,,,
2118,蔡桥站,,,
2119,六安汽车客运东站,,六安,安徽
2120,临清站,临清市,聊城,山东
2121,项城联营汽车站,项城市,周口,河南
2122,临颍汽车站(人民路),临颍县,漯河,河南
2123,丹江口,江口县,铜仁,贵州
2124,普宁流沙汽车客运站,普宁市,揭阳,广东
2125,三塘点,,,
2126,棉洋点,,,
2127,文昌抱罗路口,文昌市,儋州,海南
2128,琼中湾岭,琼中黎族苗族自治县,儋州,海南
2129,琼海大路,琼海市,儋州,海南
2130,三门坡,三门县,台州,浙江
2131,永川客运中心站,永川区,重庆,重庆
2132,平昌县城东汽车客运站,城东区,西宁,青海
2133,西充客运中心(东站),西充县,南充,四川
2134,毕节汽车北站,,毕节,贵州
2135,竹山客运站,竹山县,十堰,湖北
2136,丹寨汽车客运站,丹寨县,黔东,贵州
2137,贵南县汽车站,贵南县,海南,青海
2138,岢岚汽车客运站,岢岚县,忻州,山西
2139,231181004,,,
2140,230102023,,,
2141,桐乡中心站,桐乡市,嘉兴,浙江
2142,三山,三山区,芜湖,安徽
2143,紫金学院,紫金县,河源,广东
2144,东方海天酒店,东方市,儋州,海南
2145,民权汽车站,民权县,商丘,河南
2146,郑州南站,,郑州,河南
2147,孟州汽车站,孟州市,焦作,河南
2148,许昌豪华站,,许昌,河南
2149,兴宁汽车客运站,兴宁区,南宁,广西
2150,雷州市客运中心站,雷州市,湛江,广东
2151,金秀头排客运服务站,金秀瑶族自治县,来宾,广西
2152,儋州西培,,儋州,海南
2153,巫山翠屏汽车站,翠屏区,宜宾,四川
2154,雷山汽车站,雷山县,黔东,贵州
2155,芒市汽车客运北站,芒市,德宏,云南
2156,松山湖汽车客运站,松山区,赤峰,内蒙
2157,大同客运东站,大同区,大庆,黑龙
2158,永安汽车站,永安市,三明,福建
2159,五原客运站,五原县,巴彦,内蒙
2160,金华市东阳客运东站,东阳市,金华,浙江
2161,都兰汽车站,都兰县,海西,青海
2162,双阳客运站,双阳区,长春,吉林
2163,230102002,,,
2164,客运总站,,,
2165,塔河客运站,塔河县,大兴,黑龙
2166,海安汽车站,海安市,南通,江苏
2167,练塘卡口,,,
2168,森林公安,公安县,荆州,湖北
2169,肥城站,肥城市,泰安,山东
2170,周村,周村区,淄博,山东
2171,夏邑总站,夏邑县,商丘,河南
2172,成都十陵车站,,成都,四川
2173,宜都客运站,宜都市,宜昌,湖北
2174,白城中心站,城中区,西宁,青海
2175,玉田汽车客运站,玉田县,唐山,河北
2176,石泉县城际客运站,石泉县,安康,陕西
2177,张掖南站,,张掖,甘肃
2178,乌拉盖汽车站,乌拉特后旗,巴彦,内蒙
2179,通化市公路客运总站,通化县,通化,吉林
2180,230921001,,,
2181,230111002,,,
2182,海安雅周站,海安市,南通,江苏
2183,白金汉爵,,,
2184,青田汽车客运站,青田县,丽水,浙江
2185,乐清客货运中心,乐清市,温州,浙江
2186,高崎,,,
2187,平和车站,平和县,漳州,福建
2188,郭店,,,
2189,中心站,,,
2190,微山站,微山县,济宁,山东
2191,周口汽车东站,,周口,河南
2192,信阳汽车站,,信阳,河南
2193,长葛客运枢纽站,长葛市,许昌,河南
2194,岳阳汽车站,岳阳县,岳阳,湖南
2195,恩平西门汽车客运站,恩平市,江门,广东
2196,斗门汽车客运站,斗门区,珠海,广东
2197,珠海湖心路口客运站,,珠海,广东
2198,揭西河婆汽车客运站,揭西县,揭阳,广东
2199,中山市大涌汽车客运站,中山市,中山,广东
2200,桐木客运服务站,,,
2201,富顺县城东客运站,城东区,西宁,青海
2202,四会槎山客运站,四会市,肇庆,广东
2203,观澜汽车客运站,,,
2204,韶关汽车南站,,韶关,广东
2205,洛南客运站,洛南县,商洛,陕西
2206,乾安县公路客运总站,乾安县,松原,吉林
2207,长途南站,,,
2208,宁海客运中心,宁海县,宁波,浙江
2209,象山中心站,象山区,桂林,广西
2210,人民广场,,,
2211,沈丘东关站,沈丘县,周口,河南
2212,固始顺达客运站,固始县,信阳,河南
2213,博爱客车站,博爱县,焦作,河南
2214,白地市车站,,,
2215,太平汽车客运服务站,太平区,阜新,辽宁
2216,龙洲湾汽车站,,,
2217,长寿汽车总站,长寿区,重庆,重庆
2218,凯里客车站,凯里市,黔东,贵州
2219,清远新城客运站,新城区,西安,陕西
2220,开江客运总站,开江县,达州,四川
2221,龙岗长途汽车客运站,龙岗区,深圳,广东
2222,剑河汽车客运站,剑河县,黔东,贵州
2223,比如县客运站,比如县,那曲,西藏
2224,合阳客运站,合阳县,渭南,陕西
2225,长春龙嘉机场,,长春,吉林
2226,望奎客运站,望奎县,绥化,黑龙
2227,南通汽车站,,南通,江苏
2228,淮安北站农公站,淮安区,淮安,江苏
2229,襄阳旅游长途客运站,,襄阳,湖北
2230,耒阳中心站,耒阳市,衡阳,湖南
2231,嘉禾金田汽车站,嘉禾县,郴州,湖南
2232,深圳市龙岗汽车客运站,龙岗区,深圳,广东
2233,珠海南溪汽车客运站,南溪区,宜宾,四川
2234,珠海横琴湾酒店,,珠海,广东
2235,云南文山,文山市,文山,云南
2236,苗圃,,,
2237,乐东九所,乐东黎族自治县,儋州,海南
2238,琼中腰子,琼中黎族苗族自治县,儋州,海南
2239,万宁神州半岛,万宁市,儋州,海南
2240,泗县汽车站,泗县,宿州,安徽
2241,平罗汽车站,平罗县,石嘴,宁夏
2242,金溪汽车站,金溪县,抚州,江西
2243,略阳汽车站,略阳县,汉中,陕西
2244,高平市客运中心,高平市,晋城,山西
2245,临江口岸公路客运总站,江口县,铜仁,贵州
2246,永泰,永泰县,福州,福建
2247,高梧,,,
2248,丘坊村委会,,,
2249,景德镇短西,,景德,江西
2250,临沂总站,,临沂,山东
2251,松滋,松滋市,荆州,湖北
2252,蕲州,,,
2253,怀化客运枢纽站,,怀化,湖南
2254,深圳市宝安汽车客运站,宝安区,深圳,广东
2255,阳春潭水站,阳春市,阳江,广东
2256,阳春岗美站,阳春市,阳江,广东
2257,潮阳区汽车客运站,潮阳区,汕头,广东
2258,海口三江农场,三江侗族自治县,柳州,广西
2259,乐山客运中心站,,乐山,四川
2260,成都新南门车站,,成都,四川
2261,广安客运枢纽站(南站),广安区,广安,四川
2262,乐山肖坝旅游汽车站,,乐山,四川
2263,义祠汽车客运站,,,
2264,红桥客运站,红桥区,天津,天津
2265,东站汽车客运站,,,
2266,龙岩汽车客运中心站,,龙岩,福建
2267,扶风汽车站,扶风县,宝鸡,陕西
2268,汉中枢纽站,,汉中,陕西
2269,通化县北兴快大站,通化县,通化,吉林
2270,长春客运北站,,长春,吉林
2271,如东丰利站,如东县,南通,江苏
2272,象湖,,,
2273,安溪金火中学,安溪县,泉州,福建
2274,崇仁,崇仁县,抚州,江西
2275,沂南站,沂南县,临沂,山东
2276,临颍汽车站,临颍县,漯河,河南
2277,桑植县玉家台汽车站,桑植县,张家,湖南
2278,宜章汽车站,宜章县,郴州,湖南
2279,连平汽车客运站,连平县,河源,广东
2280,汕头市汽车总站,,汕头,广东
2281,市桥汽车站,,,
2282,广东广州市,,广州,广东
2283,广东潮州饶平县,饶平县,潮州,广东
2284,乐东万仲,乐东黎族自治县,儋州,海南
2285,德昌县汽车客运站,德昌县,凉山,四川
2286,平坝汽车站,平坝区,安顺,贵州
2287,黄石综合客运枢纽站,黄石港区,黄石,湖北
2288,清远连州客运站,连州市,清远,广东
2289,郑家坞镇交通运输服务站,,,
2290,合作市合作公用型汽车站,合作市,甘南,甘肃
2291,220182009,,,
2292,230881110,,,
2293,甘南县客运总站,南县,益阳,湖南
2294,扬州东站,,扬州,江苏
2295,港区车站,,,
2296,盐都汽车站,盐都区,盐城,江苏
2297,南门客运站,,,
2298,郸城中心站(孔桥站),城中区,西宁,青海
2299,清远新城汽车客运站,新城区,西安,陕西
2300,广宁汽车客运站,广宁县,肇庆,广东
2301,东莞市南城汽车客运站,东莞市,东莞,广东
2302,珠海拱北通大汽车客运站,,珠海,广东
2303,儋州木棠,,儋州,海南
2304,东山桥,东山县,漳州,福建
2305,江油汽车客运站,江油市,绵阳,四川
2306,遂宁城北客运站,城北区,西宁,青海
2307,北部客运站,,,
2308,巫溪长途汽车客运站,巫溪县,重庆,重庆
2309,蒲城客运中心站,蒲城县,渭南,陕西
2310,华亭县客运中心,华亭市,平凉,甘肃
2311,新桥机场,,,
2312,230622025,,,
2313,南安车站,南安市,泉州,福建
2314,一号线员工,,,
2315,商河总站,商河县,济南,山东
2316,杞县汽车站,杞县,开封,河南
2317,宝丰,宝丰县,平顶,河南
2318,江华汽车站,江华瑶族自治县,永州,湖南
2319,郴州城际大巴客运站,,郴州,湖南
2320,南宁埌东客运站,,南宁,广西
2321,金桥客运站,,,
2322,陵水站,陵水黎族自治县,儋州,海南
2323,琼中乌石,琼中黎族苗族自治县,儋州,海南
2324,屯昌大同,屯昌县,儋州,海南
2325,合川客运中心站,合川区,重庆,重庆
2326,长沙长株潭汽车站,长沙县,长沙,湖南
2327,临安汽车东站,临安区,杭州,浙江
2328,丹棱客运中心,丹棱县,眉山,四川
2329,佛山汽车客运站,,佛山,广东
2330,北流汽车总站,北流市,玉林,广西
2331,浦北总站,浦北县,钦州,广西
2332,定边汽车站,定边县,榆林,陕西
2333,薛家湾汽车站,,,
2334,淮安北站,淮安区,淮安,江苏
2335,高沟站,,,
2336,震泽站,,,
2337,顺昌汽车站,顺昌县,南平,福建
2338,万年汽车站(新),万年县,上饶,江西
2339,青岛东站,,青岛,山东
2340,焦作客运总站,,焦作,河南
2341,叶县汽车总站,叶县,平顶,河南
2342,安平车站,安平县,衡水,河北
2343,华伟点,,,
2344,雷州总站,雷州市,湛江,广东
2345,里建客运站,,,
2346,钟山客运服务站,钟山区,六盘,贵州
2347,三亚海棠湾,海棠区,三亚,海南
2348,忠县汽车总站,忠县,重庆,重庆
2349,红果汽车站,,,
2350,内江综合客运中心站,,内江,四川
2351,双桥汽车站,双桥区,承德,河北
2352,兴宁东岳宫客运站,兴宁区,南宁,广西
2353,天镇县汽车站,天镇县,大同,山西
2354,介休汽车客运站,介休市,晋中,山西
2355,庄河,庄河市,大连,辽宁
2356,蛟河客运站,蛟河市,吉林,吉林
2357,232722006,,,
2358,古田纪念馆,古田县,宁德,福建
2359,中堡,,,
2360,荣成站,荣成市,威海,山东
2361,龙州汽车客运服务站,龙州县,崇左,广西
2362,福山补票点二,福山区,烟台,山东
2363,屯昌南坤,屯昌县,儋州,海南
2364,屯昌南吕,屯昌县,儋州,海南
2365,广西桂林,,桂林,广西
2366,西乡县汽车站,西乡县,汉中,陕西
2367,松滋客运站,松滋市,荆州,湖北
2368,龙岗总站,龙岗区,深圳,广东
2369,申扎县客运站,申扎县,那曲,西藏
2370,精河客运站,精河县,博尔,新疆
2371,合肥市省客汽车站,,合肥,安徽
2372,通达南站,,,
2373,延吉市客运西站,延吉市,延边,吉林
2374,集安市公路客运站,集安市,通化,吉林
2375,231202009,,,
2376,克东县运输公司客运站,克东县,齐齐,黑龙
2377,池州,,池州,安徽
2378,闽清,闽清县,福州,福建
2379,昌乐汽车站,昌乐县,潍坊,山东
2380,项城长途汽车站,项城市,周口,河南
2381,南召汽车站,南召县,南阳,河南
2382,利川,利川市,恩施,湖北
2383,新宁汽车站,新宁县,邵阳,湖南
2384,电白汽车客运站,电白区,茂名,广东
2385,遂溪总站,遂溪县,湛江,广东
2386,茂名高州站,高州市,茂名,广东
2387,定安新竹,定安县,儋州,海南
2388,屯昌什流黑,屯昌县,儋州,海南
2389,文昌迈号,文昌市,儋州,海南
2390,福建泉州市,,泉州,福建
2391,定安儒木塘,定安县,儋州,海南
2392,雅江客运中心,雅江县,甘孜,四川
2393,大新客运总站,大新县,崇左,广西
2394,宜昌长途汽车站,,宜昌,湖北
2395,松原宁江区站,宁江区,松原,吉林
2396,武宣汽车站,武宣县,来宾,广西
2397,林芝客运站,,林芝,西藏
2398,民勤客运中心站,民勤县,武威,甘肃
2399,沁源县汽车客运中心,沁源县,长治,山西
2400,左云汽车站,左云县,大同,山西
2401,拉布大林安通汽车客运站,,,
2402,宽甸,宽甸满族自治县,丹东,辽宁
2403,绥滨县客运站,绥滨县,鹤岗,黑龙
2404,三明东,,三明,福建
2405,吾祠,,,
2406,永平车站,永平县,大理,云南
2407,淅川县汽车站,淅川县,南阳,河南
2408,襄阳,,襄阳,湖北
2409,深圳市龙岗横岗长途汽车客运站,龙岗区,深圳,广东
2410,茂名市化州北岸汽车客运站,化州市,茂名,广东
2411,西永交通换乘枢纽,,,
2412,犍为南门中心站(老城区),犍为县,乐山,四川
2413,壤塘客运中心,壤塘县,阿坝,四川
2414,重庆四公里交通换乘枢纽,,重庆,重庆
2415,谷城县汽车站,谷城县,襄阳,湖北
2416,阳泉市客运总站,,阳泉,山西
2417,230881002,,,
2418,天岗湖站,,,
2419,江宁客运站,江宁区,南京,江苏
2420,海安白甸站,海安市,南通,江苏
2421,常州交通技校,,常州,江苏
2422,建瓯西站,建瓯市,南平,福建
2423,三洲路口售票点,,,
2424,景德镇东站,,景德,江西
2425,高密汽车站,高密市,潍坊,山东
2426,东明站,东明县,菏泽,山东
2427,汉寿汽车站,汉寿县,常德,湖南
2428,广州南汽车客运站,,广州,广东
2429,饶平县新城区客运站,新城区,西安,陕西
2430,中山市小榄汽车客运站,中山市,中山,广东
2431,隆林客运服务站,隆林各族自治县,百色,广西
2432,乐东千家,乐东黎族自治县,儋州,海南
2433,文昌南阳,文昌市,儋州,海南
2434,荔波汽车站,荔波县,黔南,贵州
2435,西充西客站,西充县,南充,四川
2436,石浦汽车客运东站,,,
2437,鹿寨汽车总站,鹿寨县,柳州,广西
2438,芒康县客运站,康县,陇南,甘肃
2439,武威客运中心,,武威,甘肃
2440,伽师客运站,伽师县,喀什,新疆
2441,代县汽车客运站,代县,忻州,山西
2442,二连国际汽车站,二连浩特市,锡林,内蒙
2443,达拉特旗汽车站,达拉特旗,鄂尔,内蒙
2444,230421003,,,
2445,230231044,,,
2446,230102021,,,
2447,捷晖小区,,,
2448,南阳,,南阳,河南
2449,朋口,,,
2450,新干城南汽车站,新干县,吉安,江西
2451,东方海洋大酒店,东方市,儋州,海南
2452,郑州高铁枢纽站,,郑州,河南
2453,益阳火车站,,益阳,湖南
2454,东莞市虎门北栅汽车客运站,东莞市,东莞,广东
2455,华城万佳点,,,
2456,中山市益华汽车客运配客中心,中山市,中山,广东
2457,蒙山汽车客运服务站,蒙山县,梧州,广西
2458,郫县客运中心,,,
2459,广安客运枢纽站(枣山),广安区,广安,四川
2460,新龙汽车站,新龙县,甘孜,四川
2461,隆林客运站,隆林各族自治县,百色,广西
2462,郎溪,郎溪县,宣城,安徽
2463,五台山汽车站,台山市,江门,广东
2464,231283049,,,
2465,齐齐哈尔公路客运总站客运东站,,齐齐,黑龙
2466,泰州西站,,泰州,江苏
2467,如东沿南站,如东县,南通,江苏
2468,永丰汽车站,永丰县,吉安,江西
2469,枣园,,,
2470,石岛站,,,
2471,长垣汽车东站,长垣市,新乡,河南
2472,惠州,,惠州,广东
2473,长株潭,,,
2474,常宁汽车站(莲花站),常宁市,衡阳,湖南
2475,郴州汽车西站,,郴州,湖南
2476,莫村汽车客运站,,,
2477,前詹镇第一招呼站,,,
2478,抱罗车站,,,
2479,澄迈石浮,澄迈县,儋州,海南
2480,乐东九所高速路口,乐东黎族自治县,儋州,海南
2481,定安黄竹路口,定安县,儋州,海南
2482,夹江汽车客运中心,夹江县,乐山,四川
2483,洪湖汽车客运站,洪湖市,荆州,湖北
2484,石碣汽车客运站,,,
2485,天柱汽车客运站,天柱县,黔东,贵州
2486,吴忠站,,吴忠,宁夏
2487,民丰客运站,民丰县,和田,新疆
2488,大同汽车站,大同区,大庆,黑龙
2489,吉林市换乘中心站,,吉林,吉林
2490,231221032,,,
2491,勃利县运输公司客运站,勃利县,七台,黑龙
2492,通州汽车站,通州区,南通,江苏
2493,江阴站,江阴市,无锡,江苏
2494,江山虎山站,江山市,衢州,浙江
2495,长兴汽车总站,长兴县,湖州,浙江
2496,宁波中心站,,宁波,浙江
2497,霍山客运中心站,霍山县,六安,安徽
2498,淄川,淄川区,淄博,山东
2499,漯河中心站,,漯河,河南
2500,肇庆粤运汽车总站（综合体）,,肇庆,广东
2501,北海南珠汽车客运站,海南区,乌海,内蒙
2502,白沙客运站,白沙黎族自治县,儋州,海南
2503,文昌翁田,文昌市,儋州,海南
2504,遂宁城南客运站,宁城县,赤峰,内蒙
2505,三都汽车站,三都水族自治县,黔南,贵州
2506,盈江汽车客运站,盈江县,德宏,云南
2507,维西客运站,维西傈僳族自治县,迪庆,云南
2508,黄南汽车总站,,黄南,青海
2509,松柏汽车客运站,,,
2510,乌拉特中旗客运站,乌拉特后旗,巴彦,内蒙
2511,汉中高速客运站,,汉中,陕西
2512,乌苏市客运站,乌苏市,塔城,新疆
2513,平鲁区客运站,平鲁区,朔州,山西
2514,西旗客运站,,,
2515,通化县公路客运站,通化县,通化,吉林
2516,四方坨子客运站,四方台区,双鸭,黑龙
2517,230184002,,,
2518,巴彦县公路客运站,巴彦县,哈尔,黑龙
2519,临海客运中心,临海市,台州,浙江
2520,萧山汽车总站,萧山区,杭州,浙江
2521,庆元客运站,庆元县,丽水,浙江
2522,青阳汽车中心站,青阳县,池州,安徽
2523,南靖,南靖县,漳州,福建
2524,南平武夷客运总站,平武县,绵阳,四川
2525,永新长途站,永新县,吉安,江西
2526,烟台福山站,福山区,烟台,山东
2527,武城汽车站,武城县,德州,山东
2528,济宁汽车总站,,济宁,山东
2529,宝丰汽车站,宝丰县,平顶,河南
2530,平江天岳汽车站,平江县,岳阳,湖南
2531,澄海鹏达汽车客运站,澄海区,汕头,广东
2532,融安汽车总站,融安县,柳州,广西
2533,澄迈福山路口,澄迈县,儋州,海南
2534,雅安汽车客运站,,雅安,四川
2535,叙永永宁汽车站(原西外车站),永宁县,银川,宁夏
2536,毕节东客站,,毕节,贵州
2537,达州客运西站,,达州,四川
2538,金堂客运站,金堂县,成都,四川
2539,宁乡东城汽车站,宁乡市,长沙,湖南
2540,拉萨柳梧汽车站,,拉萨,西藏
2541,肃南汽车站,肃南裕固族自治县,张掖,甘肃
2542,新源客运站,新源县,伊犁,新疆
2543,奇台汽车站,奇台县,昌吉,新疆
2544,鄯善客运站,鄯善县,吐鲁,新疆
2545,230703020,,,
2546,绥芬河公路客运枢纽站,绥芬河市,牡丹,黑龙
2547,苏欣快客站,,,
2548,六安汽车客运北站,,六安,安徽
2549,南阳商城站,商城县,信阳,河南
2550,长沙西,长沙县,长沙,湖南
2551,岳阳洞庭汽车站,岳阳县,岳阳,湖南
2552,华容中心汽车站,华容县,岳阳,湖南
2553,普宁国际服装城汽车客运站,普宁市,揭阳,广东
2554,深圳市宝安福永汽车客运站,宝安区,深圳,广东
2555,简阳城东客运站,城东区,西宁,青海
2556,开县中心汽车客运站,,,
2557,西江汽车站,,,
2558,天龙汽车站,,,
2559,翁源龙仙客运站,翁源县,韶关,广东
2560,百色客运站,,百色,广西
2561,浠水环通客运总站,浠水县,黄冈,湖北
2562,平乐汽车总站,平乐县,桂林,广西
2563,紫阳汽车站,紫阳县,安康,陕西
2564,兰州市汽车东站,,兰州,甘肃
2565,布尔津客运站,布尔津县,阿勒,新疆
2566,桦南长途站,桦南县,佳木,黑龙
2567,芜湖县客运中心,芜湖县,芜湖,安徽
2568,德兴车站,德兴市,上饶,江西
2569,交运明水,明水县,绥化,黑龙
2570,郑州总站,,郑州,河南
2571,卢氏汽车站,卢氏县,三门,河南
2572,信阳弘运汽车站,,信阳,河南
2573,中山（包车）,中山市,中山,广东
2574,天龙车站,,,
2575,通道汽车站,通道侗族自治县,怀化,湖南
2576,衡山站,衡山县,衡阳,湖南
2577,安化梅城汽车站,安化县,益阳,湖南
2578,车岗站,,,
2579,玉林总站,,玉林,广西
2580,海口秀英港,秀英区,海口,海南
2581,乐东乐光,乐东黎族自治县,儋州,海南
2582,广东深圳龙岗,龙岗区,深圳,广东
2583,南充城北汽车站,城北区,西宁,青海
2584,建阳汽车站,建阳区,南平,福建
2585,富平汽车站,富平县,渭南,陕西
2586,遵化汽车客运站,遵化市,唐山,河北
2587,陈仓客运汽车站,陈仓区,宝鸡,陕西
2588,大连站南客运站二处,,大连,辽宁
2589,长白县运输公司客运站,长白朝鲜族自治县,白山,吉林
2590,嫩江县公路客运总站,嫩江市,黑河,黑龙
2591,鸡西市公路客运总站,西市区,营口,辽宁
2592,新区农行公交站,,,
2593,马鞍山当涂东站,当涂县,马鞍,安徽
2594,青岛(利),,青岛,山东
2595,岳阳县城南汽车站,岳阳县,岳阳,湖南
2596,三灶站,,,
2597,揭西棉湖汽车客运站,揭西县,揭阳,广东
2598,宜州汽车总站,宜州区,河池,广西
2599,梁平中心汽车站,梁平区,重庆,重庆
2600,青白江客运枢纽站,青白江区,成都,四川
2601,道孚县汽车站客运中心,道孚县,甘孜,四川
2602,保靖汽车站,保靖县,湘西,湖南
2603,辽源客运总站,,辽源,吉林
2604,宝安公明客运站,宝安区,深圳,广东
2605,大朗汽车客运站,,,
2606,五原汽车站,五原县,巴彦,内蒙
2607,四平市公路客运总站,,四平,吉林
2608,220283003,,,
2609,五大连池风景区客运站,五大连池市,黑河,黑龙
2610,将乐,将乐县,三明,福建
2611,泗水站,泗水县,济宁,山东
2612,濮阳长途站,濮阳县,濮阳,河南
2613,商丘中心汽车站,,商丘,河南
2614,邵阳县汽车站,邵阳县,邵阳,湖南
2615,长沙黄花机场区域,长沙县,长沙,湖南
2616,安流高速路口点,,,
2617,柳州汽车总站,,柳州,广西
2618,乐东万冲,乐东黎族自治县,儋州,海南
2619,龙塘,,,
2620,昌江海尾,昌江黎族自治县,儋州,海南
2621,保亭什玲,保亭黎族苗族自治县,儋州,海南
2622,五一,,,
2623,望谟汽车站,望谟县,黔西,贵州
2624,安顺客运北站(华西客运站),,安顺,贵州
2625,广德汽车客运中心,广德市,宣城,安徽
2626,运城客运中心,,运城,山西
2627,长泰车站,长泰县,漳州,福建
2628,230102024,,,
2629,上海长途汽车客运总站,,上海,上海
2630,温州南站,,温州,浙江
2631,三门峡汽车总站,三门县,台州,浙江
2632,随州客运南站,,随州,湖北
2633,桂东车站,桂东县,郴州,湖南
2634,古丈县汽车站,古丈县,湘西,湖南
2635,大朗汽车客运,,,
2636,江屯站北市配客点,,,
2637,华湖镇第二招呼站,,,
2638,平冈汽车客运站,,,
2639,东莞长安汽车客运站,长安区,西安,陕西
2640,T2航站楼,,,
2641,马山汽车总站,马山县,南宁,广西
2642,儋州新英,,儋州,海南
2643,琼中大丰场,琼中黎族苗族自治县,儋州,海南
2644,冕宁汽车客运站,冕宁县,凉山,四川
2645,瓮安汽车站,瓮安县,黔南,贵州
2646,黄梅汽车客运站,黄梅县,黄冈,湖北
2647,铁力市公路客运总站,铁力市,伊春,黑龙
2648,那曲南站,,那曲,西藏
2649,宝鸡汽车北站,,宝鸡,陕西
2650,太原建南汽车站,,太原,山西
2651,黟县,黟县,黄山,安徽
2652,大石桥圣通长途客运站,大石桥市,营口,辽宁
2653,敦化市客运枢纽站,敦化市,延边,吉林
2654,龙海,龙海市,漳州,福建
2655,齐河县汽车站,齐河县,德州,山东
2656,新乡客运总站,新乡县,新乡,河南
2657,蕲春新站,蕲春县,黄冈,湖北
2658,清远连州汽车客运站,连州市,清远,广东
2659,仙庵镇第二招呼站,,,
2660,宁明汽车客运服务站,宁明县,崇左,广西
2661,水北,,,
2662,澄迈黄竹,澄迈县,儋州,海南
2663,白石溪,,,
2664,恩平汽车客运站,恩平市,江门,广东
2665,韶关西站,,韶关,广东
2666,合作公用型汽车站,合作市,甘南,甘肃
2667,轮台县客运站,轮台县,巴音,新疆
2668,220582001,,,
2669,150721003,,,
2670,漳州中心站,,漳州,福建
2671,屏南,屏南县,宁德,福建
2672,威海凯顺票务,,威海,山东
2673,桐柏汽车站,桐柏县,南阳,河南
2674,邵阳汽车南站,邵阳县,邵阳,湖南
2675,凤岗车站,,,
2676,清水湾壹号公馆,清水县,天水,甘肃
2677,广州芳村客运站,,广州,广东
2678,巫溪汽车站,巫溪县,重庆,重庆
2679,遵义南白客运站,,遵义,贵州
2680,聚宝盆客运中心,,,
2681,平凉汽车站（西站）,,平凉,甘肃
2682,武乡客运汽车站,武乡县,长治,山西
2683,旅顺汽车站,旅顺口区,大连,辽宁
2684,抚松县公路客运总站,抚松县,白山,吉林
2685,通化总站(新站),通化县,通化,吉林
2686,220822001,,,
2687,230714001,,,
2688,东台汽车站,东台市,盐城,江苏
2689,苏州园区站,,苏州,江苏
2690,天台客运中心,天台县,台州,浙江
2691,安溪汽车总站,安溪县,泉州,福建
2692,惠安车站,惠安县,泉州,福建
2693,福康苑A区(武夷新区),武夷山市,南平,福建
2694,隆达站,,,
2695,高青,高青县,淄博,山东
2696,新宁汽车西站,新宁县,邵阳,湖南
2697,新宁回龙寺镇汽车站,新宁县,邵阳,湖南
2698,深圳北汽车客运站,,深圳,广东
2699,广州增城新塘汽车客运站,增城区,广州,广东
2700,01|海丰总站梅陇售票点,海丰县,汕尾,广东
2701,信宜城东汽车客运站,城东区,西宁,青海
2702,镇宁汽车站,镇宁布依族苗族自治县,安顺,贵州
2703,玄滩客运站,,,
2704,湛江西汽车站,,湛江,广东
2705,瑞金市汽车站,瑞金市,赣州,江西
2706,根河市汽车站,根河市,呼伦,内蒙
2707,旬阳汽车站,旬阳县,安康,陕西
2708,洋县客运站,洋县,汉中,陕西
2709,同德县汽车站,同德县,海南,青海
2710,231181003,,,
2711,大庆客运集团公路客运枢纽站,,大庆,黑龙
2712,南京东站,,南京,江苏
2713,珊瑚站,,,
2714,普陀城北站,城北区,西宁,青海
2715,石狮中心站,石狮市,泉州,福建
2716,文亨高速口,,,
2717,高铁公路客运站,,,
2718,大悟,大悟县,孝感,湖北
2719,蕲春老站,蕲春县,黄冈,湖北
2720,广东省汽车客运站,,,
2721,神泉镇第一招呼站,,,
2722,东莞市厚街专线汽车客运站,东莞市,东莞,广东
2723,内中站,中站区,焦作,河南
2724,和岭,,,
2725,盘县汽车站(城关),城关区,兰州,甘肃
2726,茶陵县客运站,茶陵县,株洲,湖南
2727,百合汽车站,,,
2728,古镇汽车客运站,,,
2729,陕西延安汽车南站,,延安,陕西
2730,富力万达文华酒店,,,
2731,乌海长途汽车站,,乌海,内蒙
2732,阿城公路客运站,阿城区,哈尔,黑龙
2733,路桥金清站,路桥区,台州,浙江
2734,天守,,,
2735,新余,,新余,江西
2736,冠县站,冠县,聊城,山东
2737,周口中心站,,周口,河南
2738,镇平通运站,镇平县,南阳,河南
2739,长沙南线区域C,长沙县,长沙,湖南
2740,岳阳联运汽车站,岳阳县,岳阳,湖南
2741,茂名电白站,电白区,茂名,广东
2742,海口南港,,海口,海南
2743,广东深圳福田区,福田区,深圳,广东
2744,广西玉林陆川县,陆川县,玉林,广西
2745,璧山客货中心站,璧山区,重庆,重庆
2746,苍溪汽车客运站,苍溪县,广元,四川
2747,仪陇金城城北车站,城北区,西宁,青海
2748,贵定汽车站,贵定县,黔南,贵州
2749,古蔺西区客运站,古蔺县,泸州,四川
2750,珠海香洲长途客运站,香洲区,珠海,广东
2751,高台县汽车站,高台县,张掖,甘肃
2752,昌吉客运站,昌吉市,昌吉,新疆
2753,大同新南公路客运站,大同区,大庆,黑龙
2754,乌兰浩特站,乌兰县,海西,青海
2755,231221038,,,
2756,常州花园,,常州,江苏
2757,东至站,东至县,池州,安徽
2758,九江市共青汽车站,共青城市,九江,江西
2759,孚利泰国际酒店,,,
2760,机场巴士,,,
2761,丁家庄,,,
2762,许昌汽车东站,,许昌,河南
2763,汉阳,汉阳区,武汉,湖北
2764,怀化汽车南站,,怀化,湖南
2765,深圳市龙岗沙湾汽车客运站,沙湾县,塔城,新疆
2766,贺州汽车总站,,贺州,广西
2767,儋州新英长坡,,儋州,海南
2768,文昌锦山,文昌市,儋州,海南
2769,平和,平和县,漳州,福建
2770,西安市汽车站,西安区,牡丹,黑龙
2771,白河客运站,白河县,安康,陕西
2772,崇信汽车站,崇信县,平凉,甘肃
2773,定西汽车站,,定西,甘肃
2774,朔州迎宾汽车站,,朔州,山西
2775,梅河口市公路客运总站,河口瑶族自治县,红河,云南
2776,220702001,,,
2777,肇州县客运站,肇州县,大庆,黑龙
2778,柯桥航站楼,柯桥区,绍兴,浙江
2779,水头车站,,,
2780,湖雷,,,
2781,华丰,,,
2782,济宁航空港,,济宁,山东
2783,新县汽车站,新县,信阳,河南
2784,蒸阳站,,,
2785,新田汽车站,新田县,永州,湖南
2786,饶平汽车客运站,饶平县,潮州,广东
2787,桂客北站,,,
2788,广西超大宾阳客货运运输服务中心,宾阳县,南宁,广西
2789,美兰机场巴士站,美兰区,海口,海南
2790,琼海石壁,琼海市,儋州,海南
2791,乐东金鸡岭,乐东黎族自治县,儋州,海南
2792,广西百色靖西,靖西市,百色,广西
2793,琼海嘉积补票点,琼海市,儋州,海南
2794,东方板桥,东方市,儋州,海南
2795,巴中南江车站(酒厂湾),南江县,巴中,四川
2796,都匀客运东站,都匀市,黔南,贵州
2797,七台河客运总站,,七台,黑龙
2798,北海二运汽车站,,北海,广西
2799,忻城汽车站,忻城县,来宾,广西
2800,渭源县汽车站,渭源县,定西,甘肃
2801,交城县汽车站,交城县,吕梁,山西
2802,榆树市公路客运站,榆树市,长春,吉林
2803,常熟北站,常熟市,苏州,江苏
2804,永兴汽车站,永兴县,郴州,湖南
2805,温岭中心站,温岭市,台州,浙江
2806,长汀汽车站,长汀县,龙岩,福建
2807,象洞,,,
2808,烟台总站,,烟台,山东
2809,德州综合客运站,,德州,山东
2810,永城汽车站,永城市,商丘,河南
2811,武冈汽车西站,武冈市,邵阳,湖南
2812,韶山市汽车站,韶山市,湘潭,湖南
2813,永州汽车北站,,永州,湖南
2814,郴州天龙汽车站,,郴州,湖南
2815,阳东东平良洞汽车客运站,阳东区,阳江,广东
2816,珠海平沙汽车客运站,,珠海,广东
2817,儋州东成,,儋州,海南
2818,文昌林梧,文昌市,儋州,海南
2819,保亭响水,保亭黎族苗族自治县,儋州,海南
2820,三亚藤桥路口,,三亚,海南
2821,彭水城北客运站,城北区,西宁,青海
2822,贞丰汽车站,贞丰县,黔西,贵州
2823,中江城南车站,江城哈尼族彝族自治县,普洱,云南
2824,射洪客运站,射洪市,遂宁,四川
2825,资中客运站,资中县,内江,四川
2826,瑞丽客运站,瑞丽市,德宏,云南
2827,六里桥长途汽车站,,,
2828,吴起汽车站,吴起县,延安,陕西
2829,千阳客运站,千阳县,宝鸡,陕西
2830,蚌埠综合站,,蚌埠,安徽
2831,达拉特金源汽车站,达拉特旗,鄂尔,内蒙
2832,敦化市公路客运总站,敦化市,延边,吉林
2833,市场,,,
2834,230523011,,,
2835,林甸县客运中心,林甸县,大庆,黑龙
2836,桦川县公路客运站,桦川县,佳木,黑龙
2837,黄桥站,,,
2838,曲霞站,,,
2839,即墨站,即墨区,青岛,山东
2840,光山汽车站,光山县,信阳,河南
2841,韶关汽车客运西站,,韶关,广东
2842,宝安沙井镇汽车客运站,宝安区,深圳,广东
2843,临桂总站,临桂区,桂林,广西
2844,澄迈白莲,澄迈县,儋州,海南
2845,金沙汽车站,金沙县,毕节,贵州
2846,遵义高铁汽车客运站,,遵义,贵州
2847,湄潭汽车站,湄潭县,遵义,贵州
2848,绵竹客运站,绵竹市,德阳,四川
2849,汉阳中心站,汉阳区,武汉,湖北
2850,广州南站客运站,,广州,广东
2851,天水路汽车站,,天水,甘肃
2852,西宁客运中心站,,西宁,青海
2853,临汾城西客运站,城西区,西宁,青海
2854,叶柏寿客运站,,,
2855,磐石市公路客运总站,磐石市,吉林,吉林
2856,231223044,,,
2857,232721001,,,
2858,灵璧,灵璧县,宿州,安徽
2859,延津汽车站,延津县,新乡,河南
2860,天河汽车客运站,天河区,广州,广东
2861,五华横陂高速路口点,五华区,昆明,云南
2862,石排客运站,,,
2863,灌阳总站,灌阳县,桂林,广西
2864,安吉客运站,安吉县,湖州,浙江
2865,广东珠海,,珠海,广东
2866,临高和舍,临高县,儋州,海南
2867,广西岑溪,岑溪市,梧州,广西
2868,长途汽车站,,,
2869,黄平汽车站,黄平县,黔东,贵州
2870,蓬溪汽车客运中心,蓬溪县,遂宁,四川
2871,武定客运站,武定县,楚雄,云南
2872,北安客运总站,北安市,黑河,黑龙
2873,黄南州汽车站,,黄南,青海
2874,巩留客运站,巩留县,伊犁,新疆
2875,沁水汽车站,沁水县,晋城,山西
2876,五常山河客运站,常山县,衢州,浙江
2877,苏州南站,,苏州,江苏
2878,千岛湖汽车客运总站,,,
2879,六安汽车南站,,六安,安徽
2880,石狮塔前汽车站,石狮市,泉州,福建
2881,永泰梧桐,永泰县,福州,福建
2882,闽西建材城,,,
2883,聊城总站,,聊城,山东
2884,青岛,,青岛,山东
2885,商水长途汽车站,商水县,周口,河南
2886,新蔡老汽车站,新蔡县,驻马,河南
2887,汝城车站,汝城县,郴州,湖南
2888,星沙站,,,
2889,株洲南站,,株洲,湖南
2890,始兴汽车客运站,始兴县,韶关,广东
2891,云安县富林汽车客运站,云安区,云浮,广东
2892,荔波小七孔景区,荔波县,黔南,贵州
2893,陆丰甲子客运站,陆丰市,汕尾,广东
2894,江油市汽车客运站,江油市,绵阳,四川
2895,类乌齐县客运站,类乌齐县,昌都,西藏
2896,白水汽车站,白水县,渭南,陕西
2897,和什托洛盖客运站,,,
2898,南京汽车客运站,,南京,江苏
2899,朋口火车站,,,
2900,峡江水边汽车站,峡江县,吉安,江西
2901,北岚,,,
2902,通山,通山县,咸宁,湖北
2903,三里畈,,,
2904,清远英德汽车客运站,英德市,清远,广东
2905,阳东汽车客运站,阳东区,阳江,广东
2906,观源点,,,
2907,金城江城西汽车站,城西区,西宁,青海
2908,南宁大沙田道路运输服务中心,,南宁,广西
2909,绿城清水湾,清水县,天水,甘肃
2910,陵水火车站,陵水黎族自治县,儋州,海南
2911,清澜,,,
2912,南充西门汽车站,,南充,四川
2913,台江汽车站,台江县,黔东,贵州
2914,龙山客运站,龙山县,湘西,湖南
2915,罗定罗镜客运站,罗定市,云浮,广东
2916,玛纳斯汽车站,玛纳斯县,昌吉,新疆
2917,淮北市客运南站,,淮北,安徽
2918,大丰车站,大丰区,盐城,江苏
2919,吴江站,吴江区,苏州,江苏
2920,沛县汽车站,沛县,徐州,江苏
2921,大丰闸,大丰区,盐城,江苏
2922,南通火车站,,南通,江苏
2923,福清车站,福清市,福州,福建
2924,漳平汽车站,漳平市,龙岩,福建
2925,沂水站,沂水县,临沂,山东
2926,郁南汽车客运站,郁南县,云浮,广东
2927,北惯汽车客运站,,,
2928,琼中思河,琼中黎族苗族自治县,儋州,海南
2929,广东中山,中山市,中山,广东
2930,册亨汽车站,册亨县,黔西,贵州
2931,北川县客运站,北川羌族自治县,绵阳,四川
2932,齐齐哈尔公路东站,,齐齐,黑龙
2933,晋江长途汽车站,晋江市,泉州,福建
2934,宁县公用汽车站,宁县,庆阳,甘肃
2935,合肥市客运总站,,合肥,安徽
2936,开发区,,,
2937,220106001,,,
2938,高桥站,,,
2939,台州客运南站,,台州,浙江
2940,华安车站,华安县,漳州,福建
2941,泉港倒桥票点,泉港区,泉州,福建
2942,龙口,龙口市,烟台,山东
2943,驻马店东站,,驻马,河南
2944,建始,建始县,恩施,湖北
2945,枝江站,枝江市,宜昌,湖北
2946,来凤,来凤县,恩施,湖北
2947,黄陂客运站,黄陂区,武汉,湖北
2948,三峡中专,,,
2949,蓝山新车站,蓝山县,永州,湖南
2950,珠海香洲长途汽车客运站,香洲区,珠海,广东
2951,夏洞站,,,
2952,田林汽车客运站,田林县,百色,广西
2953,象州汽车总站,象州县,来宾,广西
2954,儋州东成路口,,儋州,海南
2955,番响,,,
2956,古蔺县西区客运站,古蔺县,泸州,四川
2957,成都汽车总站(五桂桥),,成都,四川
2958,九襄汽车站,,,
2959,黎平汽车站,黎平县,黔东,贵州
2960,印江汽车客运站,印江土家族苗族自治县,铜仁,贵州
2961,临湘长安汽车站,长安区,西安,陕西
2962,顺德乐从客运站,顺德区,佛山,广东
2963,施秉汽车客运站,施秉县,黔东,贵州
2964,喀什客运分站,喀什市,喀什,新疆
2965,230502001,,,
2966,金坛客运站,金坛区,常州,江苏
2967,中牟汽车站,中牟县,郑州,河南
2968,石首,石首市,荆州,湖北
2969,阳春汽车客运站,阳春市,阳江,广东
2970,石龙车站,石龙区,平顶,河南
2971,安流点,,,
2972,琼中南丘,琼中黎族苗族自治县,儋州,海南
2973,奉节港口汽车站,奉节县,重庆,重庆
2974,重庆陈家坪汽车站,,重庆,重庆
2975,松州客运站,,,
2976,吉首市汽车北站,吉首市,湘西,湖南
2977,汉运司汉中汽车站,,汉中,陕西
2978,麻江汽车客运站,麻江县,黔东,贵州
2979,福海客运站,福海县,阿勒,新疆
2980,新国线客运站,,,
2981,淮南,,淮南,安徽
2982,蒲县汽车站,蒲县,临汾,山西
2983,根河市长途汽车客运站,根河市,呼伦,内蒙
2984,清原,清原满族自治县,抚顺,辽宁
2985,通远堡中心客运站,,,
2986,220581001,,,
2987,仪征汽车站,仪征市,扬州,江苏
2988,平望站,,,
2989,瑞安中心站,瑞安市,温州,浙江
2990,漳浦车站,漳浦县,漳州,福建
2991,聊城西站,城西区,西宁,青海
2992,梁山站,梁山县,济宁,山东
2993,东营西站,东营区,东营,山东
2994,鹤峰,鹤峰县,恩施,湖北
2995,龙山县汽车站,龙山县,湘西,湖南
2996,茂名河西站,河西区,天津,天津
2997,临高南宝,临高县,儋州,海南
2998,黄竹,,,
2999,三亚雅亮,,三亚,海南
3000,万州长途汽车站(高铁),万州区,重庆,重庆
3001,都匀总站,都匀市,黔南,贵州
3002,安顺汽车北站（普定）,普定县,安顺,贵州
3003,埌东客运站,,,
3004,梧村汽车站,,,
3005,昭通客运中心站,,昭通,云南
3006,西安城北客运站,城北区,西宁,青海
3007,镇赉客运站,镇赉县,白城,吉林
3008,宝安汽车站,宝安区,深圳,广东
3009,泰宁汽车西站,泰宁县,三明,福建
3010,广安汽车总站,广安区,广安,四川
3011,贵定交运场站,贵定县,黔南,贵州
3012,农安南站,农安县,长春,吉林
3013,230902003,,,
3014,肇源客运站,肇源县,大庆,黑龙
3015,宝清县客运站,宝清县,双鸭,黑龙
3016,胥浦站,,,
3017,海盐客运中心,海盐县,嘉兴,浙江
3018,一中(中医院),,,
3019,鹰潭,,鹰潭,江西
3020,汤阴县汽车站,汤阴县,安阳,河南
3021,禹州东站,禹州市,许昌,河南
3022,双峰汽车站,双峰县,娄底,湖南
3023,娄底汽车南站,,娄底,湖南
3024,沅陵汽车南站,沅陵县,怀化,湖南
3025,嘉禾汽车站,嘉禾县,郴州,湖南
3026,蒸阳汽车站,,,
3027,深圳北汽车站,,深圳,广东
3028,田东汽车客运站,田东县,百色,广西
3029,资源总站,资源县,桂林,广西
3030,兴隆,兴隆台区,盘锦,辽宁
3031,定安金鸡岭,定安县,儋州,海南
3032,提蒙,,,
3033,白沙可任,白沙黎族自治县,儋州,海南
3034,文昌抱罗叉,文昌市,儋州,海南
3035,綦江汽车站,綦江区,重庆,重庆
3036,垫江客运中心,垫江县,重庆,重庆
3037,宜宾江安客运中心,江安县,宜宾,四川
3038,东站汽车站,,,
3039,昆明高铁南客运中心站,,昆明,云南
3040,汕头中旅客运站,,汕头,广东
3041,太原汽车客运东站,,太原,山西
3042,黎平汽车客运站,黎平县,黔东,贵州
3043,太白山汽车站,太白县,宝鸡,陕西
3044,木垒客运站,木垒哈萨克自治县,昌吉,新疆
3045,马鞍山旅游站,,马鞍,安徽
3046,鞍山长途客运总站,,鞍山,辽宁
3047,延吉市公铁分流站,延吉市,延边,吉林
3048,220582002,,,
3049,130303001,,,
3050,哈尔滨道外客运站,道外区,哈尔,黑龙
3051,洋河站,,,
3052,张家港锦丰,张家川回族自治县,天水,甘肃
3053,乐清虹桥客运中心,乐清市,温州,浙江
3054,延平汽车站,延平区,南平,福建
3055,宜黄,宜黄县,抚州,江西
3056,黄城,,,
3057,长沙东,长沙县,长沙,湖南
3058,永兴车站,永兴县,郴州,湖南
3059,徐闻汽车客运站,徐闻县,湛江,广东
3060,海丰鲘门配客站,海丰县,汕尾,广东
3061,荔浦总站,荔浦市,桂林,广西
3062,陵水本号,陵水黎族自治县,儋州,海南
3063,青神汽车站,青神县,眉山,四川
3064,印江西环站,印江土家族苗族自治县,铜仁,贵州
3065,永顺汽车站,永顺县,湘西,湖南
3066,汉中站,中站区,焦作,河南
3067,留坝汽车站,留坝县,汉中,陕西
3068,平川区汽车站,平川区,白银,甘肃
3069,寨西站,,,
3070,龙基路口,,,
3071,龙岩实验学校,,龙岩,福建
3072,漯河高铁汽车站,,漯河,河南
3073,邵阳汽车北站,邵阳县,邵阳,湖南
3074,湛江市遂溪汽车客运站,遂溪县,湛江,广东
3075,隆江镇第一招呼站,,,
3076,白沙卫星,白沙黎族自治县,儋州,海南
3077,琼中阳江,琼中黎族苗族自治县,儋州,海南
3078,从江洛香高铁客运站,从江县,黔东,贵州
3079,台州市客运总站(椒江),椒江区,台州,浙江
3080,酃湖汽车站,,,
3081,榆林汽车北站,,榆林,陕西
3082,石泉城际客运站,石泉县,安康,陕西
3083,耀县客运站,,,
3084,西固民航售票处,西固区,兰州,甘肃
3085,德令哈汽车站,德令哈市,海西,青海
3086,浑源县汽车站,浑源县,大同,山西
3087,马鞍山博望站,博望区,马鞍,安徽
3088,伊春市翠峦公路客运站,,伊春,黑龙
3089,五九七客运站,,,
3090,扬州七里河,七里河区,兰州,甘肃
3091,莲南车站,,,
3092,济南,,济南,山东
3093,鲁东大学南北区,,,
3094,当阳,当阳市,宜昌,湖北
3095,老河口汽车客运站,河口瑶族自治县,红河,云南
3096,耒阳五里牌站,耒阳市,衡阳,湖南
3097,资兴车站,资兴市,郴州,湖南
3098,茂名客运中心汽车客运站,,茂名,广东
3099,罗湖站,罗湖区,深圳,广东
3100,龙洞堡机场,,,
3101,黄宅车站,,,
3102,遂溪汽车运输总站,遂溪县,湛江,广东
3103,阿荣旗客运站,阿荣旗,呼伦,内蒙
3104,乌海市长途汽车站,,乌海,内蒙
3105,台安客运站,台安县,鞍山,辽宁
3106,通化市公路客运站,通化县,通化,吉林
3107,射阳汽车站,射阳县,盐城,江苏
3108,龙潭,龙潭区,吉林,吉林
3109,咸村,,,
3110,南昌长途汽车客运站,南昌县,南昌,江西
3111,开发区西站,,,
3112,平原汽车站,平原县,德州,山东
3113,淄博,,淄博,山东
3114,和平汽车客运站,和平县,河源,广东
3115,儋州松涛,,儋州,海南
3116,福泉客运总站（马场坪）,福泉市,黔南,贵州
3117,务川车站,务川仡佬族苗族自治县,遵义,贵州
3118,格尔木汽车站,格尔木市,海西,青海
3119,宁德客运南站,,宁德,福建
3120,平凉汽车西站,,平凉,甘肃
3121,临海新客站,临海市,台州,浙江
3122,南木林县客运站,南木林县,日喀,西藏
3123,克州汽车客运总站,,,
3124,垣曲县汽车站,垣曲县,运城,山西
3125,静乐汽车客运站,静乐县,忻州,山西
3126,合肥旅游汽车站,,合肥,安徽
3127,加格达奇客运站,,,
3128,金坛北站,金坛区,常州,江苏
3129,钱荡站,,,
3130,元竹站,,,
3131,新沂南站,沂南县,临沂,山东
3132,十堰中心站,,十堰,湖北
3133,南漳,南漳县,襄阳,湖北
3134,公安  ,公安县,荆州,湖北
3135,当阳半月镇,当阳市,宜昌,湖北
3136,嘉禾车站,嘉禾县,郴州,湖南
3137,武陵源汽车站,武陵源区,张家,湖南
3138,扶绥汽车站,扶绥县,崇左,广西
3139,大化汽车总站,大化瑶族自治县,河池,广西
3140,凤冈汽车站,凤冈县,遵义,贵州
3141,榕江汽车站,榕江县,黔东,贵州
3142,傅家坡车站,,,
3143,班戈县客运站,班戈县,那曲,西藏
3144,安康汽车站,,安康,陕西
3145,天水路车站,,天水,甘肃
3146,昔阳汽车站,昔阳县,晋中,山西
3147,230223001,,,
3148,231002001,,,
3149,八五三客运站,,,
3150,宝应王桥,宝应县,扬州,江苏
3151,永安,永安市,三明,福建
3152,双洋,,,
3153,华家(美佳家俬),,,
3154,招远,招远市,烟台,山东
3155,沅陵汽车站,沅陵县,怀化,湖南
3156,桃源黄花井汽车站,桃源县,常德,湖南
3157,怀化汽车西站,,怀化,湖南
3158,长沙高铁南站,长沙县,长沙,湖南
3159,清远连山太保分站,连山壮族瑶族自治县,清远,广东
3160,清远禾云分站,,清远,广东
3161,顺德乐从汽车客运站,顺德区,佛山,广东
3162,英德连江口分站,江口县,铜仁,贵州
3163,河源御龙湾配客站点,龙湾区,温州,浙江
3164,凤岭综合客运枢纽站,,,
3165,儋州那大站,,儋州,海南
3166,湖南江华县,南江县,巴中,四川
3167,太平,太平区,阜新,辽宁
3168,南川客运中心,南川区,重庆,重庆
3169,双桥客运站,双桥区,承德,河北
3170,开阳客运站,开阳县,贵阳,贵州
3171,什邡安顺客运站,什邡市,德阳,四川
3172,蒲江客运中心,蒲江县,成都,四川
3173,阳新城北客运站,城北区,西宁,青海
3174,深圳机场站,,深圳,广东
3175,延安汽车南站,,延安,陕西
3176,柞水客运站,柞水县,商洛,陕西
3177,尖扎汽车站,尖扎县,黄南,青海
3178,230125001,,,
3179,泗洪东站,泗洪县,宿迁,江苏
3180,镇江技师,,镇江,江苏
3181,东石售票点,,,
3182,907医院（原九二医院）,,,
3183,寿宁,寿宁县,宁德,福建
3184,潍坊总站,,潍坊,山东
3185,邹城站,邹城市,济宁,山东
3186,商水汽车站,商水县,周口,河南
3187,深圳汽车客运站,,深圳,广东
3188,东莞汽车东站,东莞市,东莞,广东
3189,惠东县城南汽车客运站,惠东县,惠州,广东
3190,文昌美文,文昌市,儋州,海南
3191,荔波小七孔客运站,荔波县,黔南,贵州
3192,志丹客运站,志丹县,延安,陕西
3193,高台西站,高台县,张掖,甘肃
3194,循化汽车站,循化撒拉族自治县,海东,青海
3195,临汾城北站,城北区,西宁,青海
3196,赤峰汽车站,,赤峰,内蒙
3197,硕放机场站,,,
3198,通州石港站,通州区,南通,江苏
3199,平阳鳌江站,平阳县,温州,浙江
3200,浦城汽车站,浦城县,南平,福建
3201,上湖,,,
3202,资溪,资溪县,抚州,江西
3203,临朐汽车总站,临朐县,潍坊,山东
3204,息县汽车站,息县,信阳,河南
3205,东莞,东莞市,东莞,广东
3206,株洲长途汽车站,,株洲,湖南
3207,南岳站,南岳区,衡阳,湖南
3208,醴陵汽车中心站,醴陵市,株洲,湖南
3209,株洲汽车南站,,株洲,湖南
3210,衡阳县车站,衡阳县,衡阳,湖南
3211,开平市义祠汽车客运站,开平市,江门,广东
3212,肇庆长途汽车客运站,,肇庆,广东
3213,东兴汽车客运服务站,东兴区,内江,四川
3214,琼中中平,琼中黎族苗族自治县,儋州,海南
3215,文昌二公堆,文昌市,儋州,海南
3216,白沙南开,白沙黎族自治县,儋州,海南
3217,叙州区柏溪客运站,叙州区,宜宾,四川
3218,乐山沐川客运站,沐川县,乐山,四川
3219,兴义客运东站,兴义市,黔西,贵州
3220,西航港客运中心,,,
3221,沿河客运东站,沿河土家族自治县,铜仁,贵州
3222,宁都县汽车站,宁都县,赣州,江西
3223,灵山汽车总站,灵山县,钦州,广西
3224,成县汽车站,成县,陇南,甘肃
3225,会宁汽车站,会宁县,白银,甘肃
3226,青铜峡汽车站,青铜峡市,吴忠,宁夏
3227,和丰县客运站,丰县,徐州,江苏
3228,白城市客运中心总站,,白城,吉林
3229,230523001,,,
3230,110105001,,,
3231,林口县客运站,林口县,牡丹,黑龙
3232,来安客运站,来安县,滁州,安徽
3233,平阴,平阴县,济南,山东
3234,濮阳客运南站,濮阳县,濮阳,河南
3235,郴州汽车总站,,郴州,湖南
3236,常宁汽车站,常宁市,衡阳,湖南
3237,南海区官窑分站汽车客运站,南海区,佛山,广东
3238,深圳市龙岗区布吉汽车客运站,龙岗区,深圳,广东
3239,二塘站,,,
3240,南丹汽车总站,南丹县,河池,广西
3241,犍为客运中心(新车站原北门汽车站),犍为县,乐山,四川
3242,玉屏客运站,玉屏侗族自治县,铜仁,贵州
3243,玉溪城南汽车客运站,,玉溪,云南
3244,南川客运中心站,南川区,重庆,重庆
3245,凤翔客运站,凤翔县,宝鸡,陕西
3246,平凉市灵台汽车站,灵台县,平凉,甘肃
3247,古交市汽车站,古交市,太原,山西
3248,阜新客运总站,阜新蒙古族自治县,阜新,辽宁
3249,新昌中心站,新昌县,绍兴,浙江
3250,武夷山汽车站,武夷山市,南平,福建
3251,黄县,,,
3252,南县湘北汽车站,南县,益阳,湖南
3253,安化（城南）汽车站,安化县,益阳,湖南
3254,兴宁市东岳宫汽车客运站,兴宁区,南宁,广西
3255,肇庆四会汽车站东城分站,四会市,肇庆,广东
3256,佛山市大沥汽车客运站,,佛山,广东
3257,珠海南水汽车客运站,海南区,乌海,内蒙
3258,02|海丰总站后门售票点,海丰县,汕尾,广东
3259,仪陇汽车站(新政),仪陇县,南充,四川
3260,保定客运中心站,,保定,河北
3261,金家墩青年路站,,,
3262,合江客运站,合江县,泸州,四川
3263,松江河汽车站,松江区,上海,上海
3264,230103016,,,
3265,杜蒙县客运总站,,,
3266,海门汽车站,海门市,南通,江苏
3267,扬州东枢纽,,扬州,江苏
3268,建德客运中心,建德市,杭州,浙江
3269,新余(火),,新余,江西
3270,成武站,成武县,菏泽,山东
3271,卫辉市汽车总站,卫辉市,新乡,河南
3272,十堰换乘中心,,十堰,湖北
3273,阳西县沙扒汽车客运站,阳西县,阳江,广东
3274,澄迈福山,澄迈县,儋州,海南
3275,琼中大丰,琼中黎族苗族自治县,儋州,海南
3276,重庆红旗河沟汽车站,红旗区,新乡,河南
3277,成都昭觉寺车站,昭觉县,凉山,四川
3278,商贸城车站,,,
3279,亚欧桥汽车站,,,
3280,纺织客运站,,,
3281,兰州市汽车西站,,兰州,甘肃
3282,天水市清水客运汽车站,清水县,天水,甘肃
3283,长治市客运中心,,长治,山西
3284,康巴什客运站,康巴什区,鄂尔,内蒙
3285,榆树客运总站(个体),榆树市,长春,吉林
3286,230781001,,,
3287,230382756,,,
3288,230182052,,,
3289,北翟站,,,
3290,启东高新区,启东市,南通,江苏
3291,景德镇西站,,景德,江西
3292,灵宝长途汽车站,灵宝市,三门,河南
3293,冷水江金竹汽车站,冷水江市,娄底,湖南
3294,云集汽车站,,,
3295,龙华汽车站,龙华区,海口,海南
3296,顺德勒流汽车客运站,顺德区,佛山,广东
3297,旅游客运站,,,
3298,海口三江糖厂,三江侗族自治县,柳州,广西
3299,新伟,,,
3300,版纳汽车客运站,,,
3301,纺织城客运站,,,
3302,西林客运站,西林县,百色,广西
3303,芳村汽车客运站,,,
3304,凤县汽车站,凤县,宝鸡,陕西
3305,长武汽车站,长武县,咸阳,陕西
3306,平凉市泾川县汽车站,泾川县,平凉,甘肃
3307,海拉尔客运站,海拉尔区,呼伦,内蒙
3308,辉南县公路客运总站,南县,益阳,湖南
3309,扬州西站,,扬州,江苏
3310,西平县社会汽车站,西平县,驻马,河南
3311,隆回汽车东站,隆回县,邵阳,湖南
3312,化州河西汽车客运站,化州市,茂名,广东
3313,华湖镇第一招呼站,,,
3314,龙川县老隆客运站 (交通车站),龙川县,河源,广东
3315,台山市塔山汽车客运站,台山市,江门,广东
3316,广西南宁上林,上林县,南宁,广西
3317,乘坡,,,
3318,大理,大理市,大理,云南
3319,万州西山车站,西山区,昆明,云南
3320,九龙客运站,九龙县,甘孜,四川
3321,安康汽车站（城东站）,城东区,西宁,青海
3322,大同新南站,大同区,大庆,黑龙
3323,洛川客运汽车站,洛川县,延安,陕西
3324,洛川客运站,洛川县,延安,陕西
3325,河津市汽车客运站,津市市,常德,湖南
3326,原平汽车客运站,原平市,忻州,山西
3327,222401006,,,
3328,230524262,,,
3329,长乐,长乐区,福州,福建
3330,安溪官桥,安溪县,泉州,福建
3331,高铁延平站,延平区,南平,福建
3332,抚州总站,,抚州,江西
3333,威海北站,,海北,青海
3334,新安汽车站,新安县,洛阳,河南
3335,宜阳汽车站,宜阳县,洛阳,河南
3336,鹤壁枢纽站,,鹤壁,河南
3337,4|江屯站江谷配客点,,,
3338,屯昌新兴,屯昌县,儋州,海南
3339,岭头,,,
3340,开远汽车客运站,开远市,红河,云南
3341,六枝中心客运站,六枝特区,六盘,贵州
3342,蕲春昌泰总站,蕲春县,黄冈,湖北
3343,大柳塔汽车站,,,
3344,柳河县公路客运总站,柳河县,通化,吉林
3345,绥棱县运输公司客运站,绥棱县,绥化,黑龙
3346,南门站,,,
3347,海安李堡站,海安市,南通,江苏
3348,宿松汽车站,宿松县,安庆,安徽
3349,仙游,仙游县,莆田,福建
3350,和谐苑E区(武夷新区),武夷山市,南平,福建
3351,四鹤公交站,,,
3352,平邑,平邑县,临沂,山东
3353,长垣客运总站,长垣市,新乡,河南
3354,社旗汽车站,社旗县,南阳,河南
3355,荆州枢纽站,荆州区,荆州,湖北
3356,道县汽车北站,道县,永州,湖南
3357,双牌汽车站,双牌县,永州,湖南
3358,德庆莫村镇汽车客运站,德庆县,肇庆,广东
3359,梅州江南汽车客运站,江南区,南宁,广西
3360,南沙客运站,南沙区,广州,广东
3361,大埔县高陂汽车客运站,大埔县,梅州,广东
3362,中山市民众镇大骏客运站,中山市,中山,广东
3363,万宁新中,万宁市,儋州,海南
3364,万阳,,,
3365,双凤桥汽车站,,,
3366,长春客运中心站,,长春,吉林
3367,榆树总站,榆树市,长春,吉林
3368,饶平新城区客运站,新城区,西安,陕西
3369,淳化汽车站,淳化县,咸阳,陕西
3370,阿左旗汽车客运站,,,
3371,二道白河公路客运站,白河县,安康,陕西
3372,泉阳客运站,,,
3373,230722001,,,
3374,缙云客运东站,缙云县,丽水,浙江
3375,嵩口古镇,,,
3376,汝阳县汽车站,汝阳县,洛阳,河南
3377,三荷机场,,,
3378,祁东汽车站,祁东县,衡阳,湖南
3379,5|河源城南配客站,源城区,河源,广东
3380,万宁乐来,万宁市,儋州,海南
3381,重庆北站北广场汽车站,,重庆,重庆
3382,安岳客运总站,安岳县,资阳,四川
3383,宣汉南坝汽车站,宣汉县,达州,四川
3384,拱北汽车客运站,,,
3385,古田客运站,古田县,宁德,福建
3386,镇远汽车客运站,镇远县,黔东,贵州
3387,安顺客运西站,,安顺,贵州
3388,兰州客运中心中川售票,,兰州,甘肃
3389,门源县汽车站,门源回族自治县,海北,青海
3390,忻州汽车客运中心,,忻州,山西
3391,怀仁汽车站,怀仁市,朔州,山西
3392,江阴华士,江阴市,无锡,江苏
3393,东至汽车中心站,东至县,池州,安徽
3394,明溪,明溪县,三明,福建
3395,抚市,,,
3396,高新区相如客栈,,,
3397,嘉鱼,嘉鱼县,咸宁,湖北
3398,揭阳市岐山汽车客运站,岐山县,宝鸡,陕西
3399,海田车站,,,
3400,虎门汽车站,,,
3401,东莞市厚街汽车客运站,东莞市,东莞,广东
3402,惠州市沥林汽车客运站,,惠州,广东
3403,|中山电子科大配客点,中山市,中山,广东
3404,珠海企鹅酒店,,珠海,广东
3405,三亚田独,,三亚,海南
3406,查苗路口,,,
3407,文昌湖山,文昌市,儋州,海南
3408,万州客运中心站,万州区,重庆,重庆
3409,北门车站,,,
3410,西昌汽车客运中心(南客站),西昌市,凉山,四川
3411,西宁客运中心,,西宁,青海
3412,莲花汽车站,莲花县,萍乡,江西
3413,罗冲围汽车客运站,,,
3414,西安市汽车站自助机,西安区,牡丹,黑龙
3415,民航家属院,,,
3416,通渭客运中心,通渭县,定西,甘肃
3417,青冈县公路客运站,青冈县,绥化,黑龙
3418,常熟南站,常熟市,苏州,江苏
3419,泰宁,泰宁县,三明,福建
3420,九二医院公交站,,,
3421,古田西站,古田县,宁德,福建
3422,栖霞车站,栖霞市,烟台,山东
3423,河口汽车站,河口瑶族自治县,红河,云南
3424,郏县老汽车站,郏县,平顶,河南
3425,伊川汽车站,伊川县,洛阳,河南
3426,武冈汽车北站,武冈市,邵阳,湖南
3427,永顺县汽车站,永顺县,湘西,湖南
3428,汝城汽车站,汝城县,郴州,湖南
3429,信宜汽车客运站,信宜市,茂名,广东
3430,西樵车站,,,
3431,珠海三灶汽车客运站,,珠海,广东
3432,102补票点,,,
3433,镇远汽车站,镇远县,黔东,贵州
3434,重庆机场T2长途汽车站,,重庆,重庆
3435,长治客运东站,,长治,山西
3436,梅县新城客运站,新城区,西安,陕西
3437,靖远县汽车站,靖远县,白银,甘肃
3438,敖汉汽车站,敖汉旗,赤峰,内蒙
3439,150581001,,,
3440,371081001,,,
3441,220882002,,,
3442,宝应汽车客运站,宝应县,扬州,江苏
3443,徐州博大,,徐州,江苏
3444,嵊州客运中心,嵊州市,绍兴,浙江
3445,宿松东站,宿松县,安庆,安徽
3446,黄山市客运总站,黄山区,黄山,安徽
3447,东山西埔,东山县,漳州,福建
3448,古田镇卫生院,古田县,宁德,福建
3449,茌平站,茌平区,聊城,山东
3450,沙市红门路,沙市区,荆州,湖北
3451,匡河,,,
3452,桂阳车站,桂阳县,郴州,湖南
3453,常德中部区域,,常德,湖南
3454,封开汽车客运站,封开县,肇庆,广东
3455,汕头市岐山汽车客运站,岐山县,宝鸡,陕西
3456,吴川市海滨汽车客运站,吴川市,湛江,广东
3457,电白电城汽车客运站,电白区,茂名,广东
3458,海口美兰机场站,美兰区,海口,海南
3459,荣昌富吉汽车站,荣昌区,重庆,重庆
3460,道真客运站,道真仡佬族苗族自治县,遵义,贵州
3461,思南双塘客运站,思南县,铜仁,贵州
3462,黄龙溪客运站,黄龙县,延安,陕西
3463,宝丰高速客运站,宝丰县,平顶,河南
3464,应城客运站,应城市,孝感,湖北
3465,咸宁咸安客运中心,咸安区,咸宁,湖北
3466,台江汽车客运站,台江县,黔东,贵州
3467,陇运集团武都汽车站,武都区,陇南,甘肃
3468,镇原客运中心,镇原县,庆阳,甘肃
3469,乌兰汽车站,乌兰县,海西,青海
3470,拉布大林顺达客运站,,,
3471,浦东东站,浦东新区,上海,上海
3472,邵武水北,邵武市,南平,福建
3473,海阳总站,海阳市,烟台,山东
3474,河里吴家,,,
3475,凤凰县汽车站,凤凰县,湘西,湖南
3476,桂东汽车站,桂东县,郴州,湖南
3477,衡山汽车站,衡山县,衡阳,湖南
3478,汕尾市霞洋汽车客运站,,汕尾,广东
3479,阳江二运汽车客运站,,阳江,广东
3480,东莞总站,东莞市,东莞,广东
3481,融水汽车总站,融水苗族自治县,柳州,广西
3482,保亭大本,保亭黎族苗族自治县,儋州,海南
3483,广东阳江阳西,江阳区,泸州,四川
3484,永川汽车总站,永川区,重庆,重庆
3485,铜仁环北汽车客运站,,铜仁,贵州
3486,渠县客运站,渠县,达州,四川
3487,双江汽车客运站,双江拉祜族佤族布朗族傣族自治县,临沧,云南
3488,蓬溪客运站,蓬溪县,遂宁,四川
3489,容县汽车总站,容县,玉林,广西
3490,三明汽车南站,,三明,福建
3491,通山中心客运站,通山县,咸宁,湖北
3492,云浮新兴客运站,新兴县,云浮,广东
3493,天水汽车南站,,天水,甘肃
3494,格尔木泰山路汽车站,格尔木市,海西,青海
3495,黄南州汽车客运总站,,黄南,青海
3496,喀什客运站南站,喀什市,喀什,新疆
3497,230321001,,,
3498,美兰湖,美兰区,海口,海南
3499,泉州客运中心站,,泉州,福建
3500,三菇,,,
3501,佛山市三水汽车客运站,三水区,佛山,广东
3502,茂名信宜北站,信宜市,茂名,广东
3503,怀集县冷坑客运站,怀集县,肇庆,广东
3504,广宁县石涧汽车客运站,宁县,庆阳,甘肃
3505,万宁路口,万宁市,儋州,海南
3506,绥阳客运站,绥阳县,遵义,贵州
3507,仁寿联营汽车站,仁寿县,眉山,四川
3508,雷波旅游客运中心,雷波县,凉山,四川
3509,长沙汽车南站,长沙县,长沙,湖南
3510,天义汽车站,,,
3511,乌拉盖汽车客运站,乌拉特后旗,巴彦,内蒙
3512,扶余县公路客运总站,扶余市,松原,吉林
3513,乾安客运站,乾安县,松原,吉林
3514,周宁,周宁县,宁德,福建
3515,日照汽车站,,日照,山东
3516,新汶站,,,
3517,永城中心站,城中区,西宁,青海
3518,大众野三关高速,,,
3519,转水点,,,
3520,梧州综合客运枢纽站,,梧州,广西
3521,兴安总站,兴安县,桂林,广西
3522,澄迈基地,澄迈县,儋州,海南
3523,澄迈仁兴,澄迈县,儋州,海南
3524,广东广州番禺,番禺区,广州,广东
3525,华坪客运站,华坪县,丽江,云南
3526,炎陵汽车中心站,炎陵县,株洲,湖南
3527,清远英德客运站,英德市,清远,广东
3528,汉川中心站,汉川市,孝感,湖北
3529,塘厦汽车客运站,,,
3530,化德县客运站,化德县,乌兰,内蒙
3531,龙井市公路客运总站,龙井市,延边,吉林
3532,宝泉岭公路客运站,,,
3533,苏州高铁站,,苏州,江苏
3534,江阴周庄,江阴市,无锡,江苏
3535,江阴璜土,江阴市,无锡,江苏
3536,德化车站,德化县,泉州,福建
3537,福康苑A区（武夷新区）,武夷山市,南平,福建
3538,泉港前黄票点,泉港区,泉州,福建
3539,莱芜站,莱芜区,济南,山东
3540,栖霞,栖霞市,烟台,山东
3541,胶州站,胶州市,青岛,山东
3542,乐陵汽车总站,乐陵市,德州,山东
3543,沅陵官庄汽车站,沅陵县,怀化,湖南
3544,罗镜汽车客运站,,,
3545,神泉镇第三招呼站,,,
3546,肇庆四会槎山客运站,四会市,肇庆,广东
3547,琼海东升,琼海市,儋州,海南
3548,定安南柳,定安县,儋州,海南
3549,广西北海合浦,合浦县,北海,广西
3550,绵阳市汽车客运总站,,绵阳,四川
3551,安远县汽车总站,安远县,赣州,江西
3552,金昌市汽车站,,金昌,甘肃
3553,南大门,,,
3554,达拉特汽车站,达拉特旗,鄂尔,内蒙
3555,231225053,,,
3556,230221001,,,
3557,231283011,,,
3558,岱山长途站,岱山县,舟山,浙江
3559,亳州南站,,亳州,安徽
3560,连江,连江县,福州,福建
3561,建宁,建宁县,三明,福建
3562,余干,余干县,上饶,江西
3563,莒南,莒南县,临沂,山东
3564,青州市汽车站,青州市,潍坊,山东
3565,安仁车站,安仁县,郴州,湖南
3566,宁乡白马桥,宁乡市,长沙,湖南
3567,五华华城汽车客运站,五华区,昆明,云南
3568,深圳沙井中心汽车客运站,,深圳,广东
3569,塘厦客运站,,,
3570,云浮城西汽车客运站,城西区,西宁,青海
3571,乐东九所路口,乐东黎族自治县,儋州,海南
3572,儋州兰洋,,儋州,海南
3573,广西北海,,北海,广西
3574,西昌旅游集散服务中心,西昌市,凉山,四川
3575,大姚客运站,大姚县,楚雄,云南
3576,稻城亚丁旅游客运站,稻城县,甘孜,四川
3577,古蔺县东区客运站,古蔺县,泸州,四川
3578,长沙汽车西站,长沙县,长沙,湖南
3579,郴州总站,,郴州,湖南
3580,犍为客运中心,犍为县,乐山,四川
3581,杨凌交通旅游枢纽,,,
3582,横山汽车站,横山区,榆林,陕西
3583,华龙山阳汽车站,山阳县,商洛,陕西
3584,231081013,,,
3585,慈溪客运中心站,慈溪市,宁波,浙江
3586,州城站,,,
3587,安乡县汽车站,安乡县,常德,湖南
3588,长沙火车南站,长沙县,长沙,湖南
3589,长沙南线区域B,长沙县,长沙,湖南
3590,东莞市中堂汽车客运站,市中区,乐山,四川
3591,罗城汽车总站,罗城仫佬族自治县,河池,广西
3592,陵水土福湾,陵水黎族自治县,儋州,海南
3593,广东深圳宝安龙华站,安龙县,黔西,贵州
3594,武隆客运汽车站,武隆区,重庆,重庆
3595,荣县南站,荣县,自贡,四川
3596,新津客运站,新津区,成都,四川
3597,永州凤凰园汽车西站,凤凰县,湘西,湖南
3598,长宁客运站,长宁县,宜宾,四川
3599,奈曼客运站,奈曼旗,通辽,内蒙
3600,231181002,,,
3601,磐安客运站,磐安县,金华,浙江
3602,牟平站,牟平区,烟台,山东
3603,莱州大骋,莱州市,烟台,山东
3604,曲阜站,曲阜市,济宁,山东
3605,西华汽车西站,西华县,周口,河南
3606,吉首西口站,吉首市,湘西,湖南
3607,隆江镇第二招呼站,,,
3608,阳西尖岗站,阳西县,阳江,广东
3609,湛江高铁车站,,湛江,广东
3610,城口客运中心站,城口县,重庆,重庆
3611,都江堰市客运中心,都江堰市,成都,四川
3612,万源客运站,万源市,达州,四川
3613,遵义总站春天堡发车场,,遵义,贵州
3614,宜丰汽车站,宜丰县,宜春,江西
3615,中山小榄客运站,中山市,中山,广东
3616,分宜汽车站,分宜县,新余,江西
3617,都匀客运总站,都匀市,黔南,贵州
3618,嘉黎县客运站,嘉黎县,那曲,西藏
3619,乾县客运站,乾县,咸阳,陕西
3620,金塔县汽车站,金塔县,酒泉,甘肃
3621,天祝县客运中心,天祝藏族自治县,武威,甘肃
3622,太原汽车客运西站,,太原,山西
3623,平陆县古虞客运站,平陆县,运城,山西
3624,230230001,,,
3625,230184001,,,
3626,响水汽车站,响水县,盐城,江苏
3627,大义卡口,,,
3628,协新技校,,,
3629,三门客运中心,三门县,台州,浙江
3630,浦江汽运中心,浦江县,金华,浙江
3631,杭州火车东站汽车站,,杭州,浙江
3632,奉化东站,奉化区,宁波,浙江
3633,刘家寨,,,
3634,洪湖,洪湖市,荆州,湖北
3635,平乐总站,平乐县,桂林,广西
3636,三林,,,
3637,汉源汽车站,汉源县,雅安,四川
3638,沧源汽车客运站,沧源佤族自治县,临沧,云南
3639,赵公口长途汽车站,,,
3640,酒泉汽车站(西关),,酒泉,甘肃
3641,铜鼓汽车站,铜鼓县,宜春,江西
3642,宜宾市南岸汽车站,南岸区,重庆,重庆
3643,拉萨西郊汽车站,,拉萨,西藏
3644,礼泉汽车站,礼泉县,咸阳,陕西
3645,华池汽车站,华池县,庆阳,甘肃
3646,正蓝旗客运站,正蓝旗,锡林,内蒙
3647,辽源市仙城客运站,,辽源,吉林
3648,长春高速公路客运站,,长春,吉林
3649,230722003,,,
3650,230505037,,,
3651,大生站,,,
3652,古田游客中心,古田县,宁德,福建
3653,涂坊高速口,,,
3654,王树庄,,,
3655,宁阳站,宁阳县,泰安,山东
3656,鹤壁高铁汽车站,,鹤壁,河南
3657,商丘万里客运站,,商丘,河南
3658,临武车站,临武县,郴州,湖南
3659,宝安沙井汽车客运站,宝安区,深圳,广东
3660,1|下水径配客服务站,,,
3661,黎塘汽车站,,,
3662,陵水龙门路口,陵水黎族自治县,儋州,海南
3663,屯昌黄岭,屯昌县,儋州,海南
3664,昌江昌化,昌江黎族自治县,儋州,海南
3665,甘什,,,
3666,东山,东山县,漳州,福建
3667,威宁汽车站,威宁彝族回族苗族自治县,毕节,贵州
3668,隆昌城南汽车站,隆昌市,内江,四川
3669,广元宝轮客运站,元宝区,丹东,辽宁
3670,桦南客运总站,桦南县,佳木,黑龙
3671,剑阁(普安),普安县,黔西,贵州
3672,关岭客运站,关岭布依族苗族自治县,安顺,贵州
3673,阿克塞客运中心,阿克陶县,克孜,新疆
3674,循化县汽车站,循化撒拉族自治县,海东,青海
3675,东港,东港区,日照,山东
3676,临江市口岸客运总站,临江市,白山,吉林
3677,明水县公路客运站,明水县,绥化,黑龙
3678,常州总站,,常州,江苏
3679,达埔车站,,,
3680,永 定火车站,,,
3681,西园高速口,,,
3682,济西,,,
3683,烟台火车南站,,烟台,山东
3684,孙受,,,
3685,孟家,,,
3686,随州中心站,,随州,湖北
3687,应山,,,
3688,珠海拱北汽车客运站,,珠海,广东
3689,深圳粤运文锦渡汽车站,,深圳,广东
3690,阳东县北惯汽车客运站,阳东区,阳江,广东
3691,定安龙湖,安龙县,黔西,贵州
3692,广元市长途客运站,,广元,四川
3693,南充马市铺车站,,南充,四川
3694,天全汽车站,天全县,雅安,四川
3695,芒市汽车客运南站,芒市,德宏,云南
3696,长寿汽车客运总站,长寿区,重庆,重庆
3697,罗源客运站,罗源县,福州,福建
3698,庆阳西峰汽车南站,西峰区,庆阳,甘肃
3699,大荔汽车站,大荔县,渭南,陕西
3700,商运司商南汽车站,商南县,商洛,陕西
3701,旬邑县汽车站,旬邑县,咸阳,陕西
3702,北郊客运站,,,
3703,农安县客运南站,农安县,长春,吉林
3704,吉林吉运集团,,吉林,吉林
3705,230126021,,,
3706,230128007,,,
3707,建湖车站,建湖县,盐城,江苏
3708,洋后,,,
3709,泰安高铁站,,泰安,山东
3710,荆门汽车北站,,荆门,湖北
3711,江陵,江陵县,荆州,湖北
3712,湘潭县汽车站,湘潭县,湘潭,湖南
3713,廉江总站,廉江市,湛江,广东
3714,怀集城北汽车客运站,城北区,西宁,青海
3715,佛山市顺德区容桂汽车客运站,顺德区,佛山,广东
3716,靖海镇第一招呼站,,,
3717,白沙查苗,白沙黎族自治县,儋州,海南
3718,长顺汽车站,长顺县,黔南,贵州
3719,城口客运站,城口县,重庆,重庆
3720,天水汽车总站,,天水,甘肃
3721,乐亭汽车客运站,乐亭县,唐山,河北
3722,太原迎宾站,,太原,山西
3723,怀集城北客运站,城北区,西宁,青海
3724,合作汽车站,合作市,甘南,甘肃
3725,乌拉特中旗汽车站,乌拉特后旗,巴彦,内蒙
3726,沟帮子客运站,,,
3727,舒兰市公路客运总站,舒兰市,吉林,吉林
3728,230126016,,,
3729,姜堰汽车站,姜堰区,泰州,江苏
3730,涟水车站,涟水县,淮安,江苏
3731,如皋西来桥站,如皋市,南通,江苏
3732,仙居中心站,仙居县,台州,浙江
3733,武东,,,
3734,杏田售票点,,,
3735,诸城汽车总站,诸城市,潍坊,山东
3736,东平站,东平县,泰安,山东
3737,安庄站,,,
3738,远安客运站,远安县,宜昌,湖北
3739,信宜城北汽车客运站,城北区,西宁,青海
3740,东莞市清溪汽车客运站,东莞市,东莞,广东
3741,鹤山汽车客运站,鹤山市,江门,广东
3742,惠阳汽车客运总站,惠阳区,惠州,广东
3743,文昌重兴,文昌市,儋州,海南
3744,琼中阳江场,琼中黎族苗族自治县,儋州,海南
3745,西部客运站,,,
3746,万州汽车客运中心,万州区,重庆,重庆
3747,石泉汽车站,石泉县,安康,陕西
3748,金昌汽车站,,金昌,甘肃
3749,商南汽车站,商南县,商洛,陕西
3750,临县汽车站,临县,吕梁,山西
3751,大连站南客运站一处,,大连,辽宁
3752,150426001,,,
3753,讷河市客运总站,讷河市,齐齐,黑龙
3754,青岛汽车北站,,青岛,山东
3755,曹县总站,曹县,菏泽,山东
3756,商城汽车站,商城县,信阳,河南
3757,长乐坪,长乐区,福州,福建
3758,蓝山湘运汽车站,蓝山县,永州,湖南
3759,河源市新城汽车客运站,新城区,西安,陕西
3760,海口总站,,海口,海南
3761,德江客运站,德江县,铜仁,贵州
3762,商洛市汽车客运站,,商洛,陕西
3763,电白二运客运站,电白区,茂名,广东
3764,经棚汽车站,,,
3765,田阳客运站,田阳区,百色,广西
3766,金丝峡游客中心,,,
3767,贸易广场站,,,
3768,灵宝汽车客运站,灵宝市,三门,河南
3769,阳新城北汽车客运站,城北区,西宁,青海
3770,益阳朝阳汽车站,朝阳区,长春,吉林
3771,那坡汽车客运服务站,那坡县,百色,广西
3772,琼中什运路口,琼中黎族苗族自治县,儋州,海南
3773,酉阳汽车南(北)站,酉阳土家族苗族自治县,重庆,重庆
3774,巴中南江汽车站(酒厂湾),南江县,巴中,四川
3775,西昌旅游集散服务中心(西客站),西昌市,凉山,四川
3776,小金县汽车站,小金县,阿坝,四川
3777,湛江麻章客运站,麻章区,湛江,广东
3778,三明北站,,三明,福建
3779,丰镇汽车站,丰镇市,乌兰,内蒙
3780,朝阳客运总站,朝阳区,长春,吉林
3781,大连香炉礁客运站,,大连,辽宁
3782,230621020,,,
3783,杭州汽车南站,,杭州,浙江
3784,万年,万年县,上饶,江西
3785,博平站,,,
3786,衡阳酃湖站,衡阳县,衡阳,湖南
3787,澧县汽车站,澧县,常德,湖南
3788,东莞市塘厦汽车客运站,东莞市,东莞,广东
3789,深圳市宝安福永客运站,宝安区,深圳,广东
3790,定安站,定安县,儋州,海南
3791,澄迈金江,澄迈县,儋州,海南
3792,文昌头苑,文昌市,儋州,海南
3793,两院校区,,,
3794,仪陇金城汽车站,仪陇县,南充,四川
3795,宜宾珙县汽车客运中心,珙县,宜宾,四川
3796,韶关东站,,韶关,广东
3797,恭城汽车总站,恭城瑶族自治县,桂林,广西
3798,安溪汽车站,安溪县,泉州,福建
3799,231025002,,,
3800,金湖车站,金湖县,淮安,江苏
3801,汾湖站,,,
3802,临海杜桥客运中心,临海市,台州,浙江
3803,霞浦,霞浦县,宁德,福建
3804,牟平,牟平区,烟台,山东
3805,佛冈振兴汽车客运站,佛冈县,清远,广东
3806,云浮市新兴汽车客运站,新兴县,云浮,广东
3807,潮州中心站粤运公交代售点,,潮州,广东
3808,玉林旅游汽车客运站,,玉林,广西
3809,武汉黄陂客运站,黄陂区,武汉,湖北
3810,毕节飞雄机场,,毕节,贵州
3811,特克斯客运站,特克斯县,伊犁,新疆
3812,陵川汽车站,陵川县,晋城,山西
3813,繁峙汽车站,繁峙县,忻州,山西
3814,甘旗卡客运站,,,
3815,根河汽车站,根河市,呼伦,内蒙
3816,盖州市客运站,盖州市,营口,辽宁
3817,凯旋路客运站,,,
3818,东丰县客运总站,丰县,徐州,江苏
3819,车墩站,,,
3820,昆山南站,昆山市,苏州,江苏
3821,江山中心站,江山市,衢州,浙江
3822,河头店,,,
3823,临沭,临沭县,临沂,山东
3824,新野汽车站,新野县,南阳,河南
3825,罗定泷州汽车客运站,罗定市,云浮,广东
3826,高州汽车客运站,高州市,茂名,广东
3827,潮州市汽车客运站,,潮州,广东
3828,定安新序,定安县,儋州,海南
3829,海口三江,三江侗族自治县,柳州,广西
3830,攀枝花客运中心,,攀枝,四川
3831,西昌汽车东站,西昌市,凉山,四川
3832,晴隆汽车站,晴隆县,黔西,贵州
3833,六枝汽车站,六枝特区,六盘,贵州
3834,三台城北客运站,城北区,西宁,青海
3835,开江汽车站,开江县,达州,四川
3836,茂县客运中心,茂县,阿坝,四川
3837,毕节高铁客运站,,毕节,贵州
3838,清流汽车站,清流县,三明,福建
3839,武威客运中心站,,武威,甘肃
3840,宁化车站,宁化县,三明,福建
3841,海兴汽车站,海兴县,沧州,河北
3842,北票客运站,北票市,朝阳,辽宁
3843,敦化市长途客运总站,敦化市,延边,吉林
3844,230606001,,,
3845,220882001,,,
3846,莆田,,莆田,福建
3847,诏安车站,诏安县,漳州,福建
3848,玉山汽车站(新),玉山县,上饶,江西
3849,郑州北站,,郑州,河南
3850,红安,红安县,黄冈,湖北
3851,秭归,秭归县,宜昌,湖北
3852,常德市区,,常德,湖南
3853,慈利永安汽车西站,慈利县,张家,湖南
3854,衡东汽车站,衡东县,衡阳,湖南
3855,洞口城东汽车站,城东区,西宁,青海
3856,惠阳汽车客运站,惠阳区,惠州,广东
3857,大致坡,,,
3858,湛江（水陆联运）,,湛江,广东
3859,永兴镇,永兴县,郴州,湖南
3860,云阳汽车客运站,云阳县,重庆,重庆
3861,绵阳富乐汽车站,,绵阳,四川
3862,彭山客运中心,彭山区,眉山,四川
3863,理工大学地铁D口（北门车站服务点）,,,
3864,陕西省西安汽车站,西安区,牡丹,黑龙
3865,福州西站,,福州,福建
3866,上思汽车站,上思县,防城,广西
3867,深圳坪山客运总站,坪山区,深圳,广东
3868,安溪湖头汽车站,安溪县,泉州,福建
3869,那曲客运总站,,那曲,西藏
3870,哈密客运站,,哈密,新疆
3871,侯马汽车东站,侯马市,临汾,山西
3872,包头市东河站,东河区,包头,内蒙
3873,231281001,,,
3874,旅游集散站,,,
3875,溧阳总站,溧阳市,常州,江苏
3876,如皋汽车站,如皋市,南通,江苏
3877,常州北站,,常州,江苏
3878,柯桥中心站,柯桥区,绍兴,浙江
3879,沙县,沙县,三明,福建
3880,秦屿,,,
3881,安丘汽车站,安丘市,潍坊,山东
3882,菏泽总站,,菏泽,山东
3883,兰考汽车站,兰考县,开封,河南
3884,黔城汽车站,,,
3885,连南县寨岗汽车客运站,连南瑶族自治县,清远,广东
3886,和平县西郊汽车客运站,和平县,河源,广东
3887,兴业客运站,兴业县,玉林,广西
3888,白沙,白沙黎族自治县,儋州,海南
3889,崇州客运站,崇州市,成都,四川
3890,息烽客运站,息烽县,贵阳,贵州
3891,阳春春湾客运站,阳春市,阳江,广东
3892,东莞汽车客运东站,东莞市,东莞,广东
3893,公安县通运潺陵客运站,公安县,荆州,湖北
3894,兰州客运中心,,兰州,甘肃
3895,黑山县公路客运总站,黑山县,锦州,辽宁
3896,230702001,,,
3897,新浦汽车总站,,,
3898,阜阳中心客运站,,阜阳,安徽
3899,高山,,,
3900,洋边,,,
3901,仙河汽车站,,,
3902,竹溪,竹溪县,十堰,湖北
3903,长沙高铁区域A,长沙县,长沙,湖南
3904,阳西儒垌汽车客运站,阳西县,阳江,广东
3905,溪西镇第二招呼站,,,
3906,探花汽车客运服务站,,,
3907,重庆机场T3,,重庆,重庆
3908,蓬莱汽车客运站,蓬莱区,烟台,山东
3909,沙井镇汽车客运站,,,
3910,福安客运站,福安市,宁德,福建
3911,全南汽车站,全南县,赣州,江西
3912,永寿客运站,永寿县,咸阳,陕西
3913,永昌县汽车站,永昌县,金昌,甘肃
3914,大武口汽车站,大武口区,石嘴,宁夏
3915,家属院,,,
3916,东宁客运站,东宁市,牡丹,黑龙
3917,连云港工贸学校,连云区,连云,江苏
3918,嵊泗站,嵊泗县,舟山,浙江
3919,台州总站,,台州,浙江
3920,罗潭,,,
3921,东阿站,东阿县,聊城,山东
3922,巨野汽车站,巨野县,菏泽,山东
3923,白地市站,,,
3924,电白客运中心汽车客运站,电白区,茂名,广东
3925,广州广佛汽车客运站,,广州,广东
3926,清远浸潭分站,,清远,广东
3927,肇庆市鼎湖区桂城客运站,鼎湖区,肇庆,广东
3928,港口省际长途客运站,港口区,防城,广西
3929,海口,,海口,海南
3930,昌江叉河,昌江黎族自治县,儋州,海南
3931,南充客运站,,南充,四川
3932,赤水客运站,赤水市,遵义,贵州
3933,习水客运站,习水县,遵义,贵州
3934,新昌客运中心,新昌县,绍兴,浙江
3935,襄城汽车客运站,襄城区,襄阳,湖北
3936,孝感汽车站,,孝感,湖北
3937,张掖西站（西关车站）,,张掖,甘肃
3938,城固汽车站,城固县,汉中,陕西
3939,吉木萨尔汽车站,吉木乃县,阿勒,新疆
3940,阿左旗站,,,
3941,371102001,,,
3942,150104001,,,
3943,大同客运公司客运站,大同区,大庆,黑龙
3944,哈尔滨哈西客运站,,哈尔,黑龙
3945,宁界站,,,
3946,英林下伍堡售票点,,,
3947,徐坊汽车客运站,,,
3948,黄城站,,,
3949,镇平汽车站,镇平县,南阳,河南
3950,沙洋站,沙洋县,荆门,湖北
3951,黄梅,黄梅县,黄冈,湖北
3952,临澧汽车站,临澧县,常德,湖南
3953,宁远汽车总站,宁远县,永州,湖南
3954,梅州汽车客运有限公司锭子桥汽车站,,梅州,广东
3955,靖海客运站,,,
3956,溪西客运站,,,
3957,仙庵镇第三招呼站,,,
3958,定安安良,定安县,儋州,海南
3959,琼海中原,琼海市,儋州,海南
3960,合川汽车客运中心,合川区,重庆,重庆
3961,雅安西门汽车站,,雅安,四川
3962,乐山沙湾客运站,沙湾县,塔城,新疆
3963,青川竹园客运站,青川县,广元,四川
3964,湛江南站客运站,江南区,南宁,广西
3965,建瓯汽车东站,建瓯市,南平,福建
3966,梅州锭子桥汽车站,,梅州,广东
3967,汪清县客运总站,汪清县,延边,吉林
3968,231024001,,,
3969,黎里站,,,
3970,洪濑车站,,,
3971,莱州车站,莱州市,烟台,山东
3972,日庄,,,
3973,定陶站,定陶区,菏泽,山东
3974,麻城,麻城市,黄冈,湖北
3975,秭归809,秭归县,宜昌,湖北
3976,株洲中心汽车站,,株洲,湖南
3977,资兴汽车站,资兴市,郴州,湖南
3978,阳西汽车客运站,阳西县,阳江,广东
3979,五华汽车客运站,五华区,昆明,云南
3980,岐岭点,,,
3981,英州路口,,,
3982,岭口,,,
3983,邦开,,,
3984,万冲,,,
3985,柳叶湖车站,,,
3986,福清客运站,福清市,福州,福建
3987,定结县客运站,定结县,日喀,西藏
3988,安康城北客运站,城北区,西宁,青海
3989,苏尼特左旗汽车站,苏尼特右旗,锡林,内蒙
3990,犁树县公路客运总站,,,
3991,230422002,,,
3992,客运北站,,,
3993,三仓,,,
3994,常熟海虞站,常熟市,苏州,江苏
3995,晋江长途车站,晋江市,泉州,福建
3996,汉庭酒店新桥店,,,
3997,黄岛站,黄岛区,青岛,山东
3998,济宁汽车北站,,济宁,山东
3999,平顶山中心站,,平顶,河南
4000,东莞市汽车客运站,东莞市,东莞,广东
4001,梅县新城汽车客运站,新城区,西安,陕西
4002,丰都汽车站,丰都县,重庆,重庆
4003,隆昌中心客运站,隆昌市,内江,四川
4004,元谋客运站,元谋县,楚雄,云南
4005,湛江雷州客运站,雷州市,湛江,广东
4006,仪陇城北汽车站,城北区,西宁,青海
4007,库车运输总站,库车市,阿克,新疆
4008,珲春国际综合客运站,珲春市,延边,吉林
4009,231283001,,,
4010,230103043,,,
4011,桦南县客运总站,南县,益阳,湖南
4012,沙溪站,,,
4013,下洋,,,
4014,安溪行政中心,安溪县,泉州,福建
4015,洪江黔城汽车站,洪江市,怀化,湖南
4016,韶关乐昌汽车客运站,乐昌市,韶关,广东
4017,博白总站,博白县,玉林,广西
4018,定安龙州,安龙县,黔西,贵州
4019,广西柳州,,柳州,广西
4020,文昌南山,文昌市,儋州,海南
4021,儋州南辰,,儋州,海南
4022,巴中恩阳马鞍车站,恩阳区,巴中,四川
4023,鲁甸客运站,鲁甸县,昭通,云南
4024,蓝山汽车站,蓝山县,永州,湖南
4025,石狮服装城汽车站,石狮市,泉州,福建
4026,庆阳汽车北站,,庆阳,甘肃
4027,朗县客运站,朗县,林芝,西藏
4028,兰州市客运中心站,,兰州,甘肃
4029,桓仁客运站,桓仁满族自治县,本溪,辽宁
4030,2307,,,
4031,呼玛客运站,呼玛县,大兴,黑龙
4032,北安市客运总站,北安市,黑河,黑龙
4033,临安东站,临安区,杭州,浙江
4034,六安北站,,六安,安徽
4035,长沙南线区域D,长沙县,长沙,湖南
4036,中山市三乡镇中心汽车客运站,中山市,中山,广东
4037,梅县畲江汽车客运站,梅县区,梅州,广东
4038,|珠海横琴口岸汽车客运站,,珠海,广东
4039,靖西靖宇汽车客运站,靖西市,百色,广西
4040,昌江石碌站,昌江黎族自治县,儋州,海南
4041,澄迈富头,澄迈县,儋州,海南
4042,琼中什运,琼中黎族苗族自治县,儋州,海南
4043,文昌罗豆中学,文昌市,儋州,海南
4044,务川客运中心,务川仡佬族苗族自治县,遵义,贵州
4045,三穗汽车站,三穗县,黔东,贵州
4046,南部客运站,南部县,南充,四川
4047,银川汽车站,,银川,宁夏
4048,潮州客运中心枢纽站,,潮州,广东
4049,上海巴士南汇长途总站,,上海,上海
4050,黄平汽车客运站,黄平县,黔东,贵州
4051,阳高县汽车站,高县,宜宾,四川
4052,舒兰市客运总站,舒兰市,吉林,吉林
4053,370214001,,,
4054,230103019,,,
4055,伊春金山屯区客运站,金山区,上海,上海
4056,张家港车站,张家川回族自治县,天水,甘肃
4057,官林车站,,,
4058,上虞西站,上虞区,绍兴,浙江
4059,繁昌客运中心,繁昌县,芜湖,安徽
4060,原客运中心站,,,
4061,常坑驾校,,,
4062,阳春三甲汽车客运站,阳春市,阳江,广东
4063,阳江闸坡汽车客运站,,阳江,广东
4064,2|海丰梅陇配客站,海丰县,汕尾,广东
4065,佛山市丹灶汽车客运站,,佛山,广东
4066,金晖汽车客运服务站,,,
4067,海南新市,新市区,乌鲁,新疆
4068,华蓥汽车站,华蓥市,广安,四川
4069,炉霍汽车站,炉霍县,甘孜,四川
4070,赤峰汽车总站,,赤峰,内蒙
4071,宜川汽车站,宜川县,延安,陕西
4072,珠海南溪客运站,南溪区,宜宾,四川
4073,廉江城南客运站,江城哈尼族彝族自治县,普洱,云南
4074,阿克塞县客运站,阿克陶县,克孜,新疆
4075,汕头客运中心站,,汕头,广东
4076,灌阳汽车总站,灌阳县,桂林,广西
4077,阿镇汽车站,,,
4078,普兰店,普兰县,阿里,西藏
4079,磐石市客运总站,磐石市,吉林,吉林
4080,210282001,,,
4081,231202031,,,
4082,松江站,松江区,上海,上海
4083,昆山航站楼,昆山市,苏州,江苏
4084,团风汽车客运站,团风县,黄冈,湖北
4085,五一广场8号地铁口,,,
4086,绥宁汽车总站,绥宁县,邵阳,湖南
4087,清溪车站,,,
4088,潮州中心站西门古代售点,,潮州,广东
4089,凭祥汽车客运服务站,凭祥市,崇左,广西
4090,文昌昌洒,文昌市,儋州,海南
4091,乐东佛罗,乐东黎族自治县,儋州,海南
4092,乐山汽车客运中心站,,乐山,四川
4093,厚街汽车客运站,,,
4094,裕民县客运站,裕民县,塔城,新疆
4095,左权汽车站,左权县,晋中,山西
4096,汾阳汽车站,汾阳市,吕梁,山西
4097,当涂东站,当涂县,马鞍,安徽
4098,230103003,,,
4099,连云港南站,港南区,贵港,广西
4100,邳州宏通站,邳州市,徐州,江苏
4101,蓬壶车站,,,
4102,长泰,长泰县,漳州,福建
4103,三明南,,三明,福建
4104,乳山站,乳山市,威海,山东
4105,胶南,,,
4106,固始县双龙站,固始县,信阳,河南
4107,老河口北站,河口瑶族自治县,红河,云南
4108,华新汽车站,,,
4109,廉江市城南汽车客运站,廉江市,湛江,广东
4110,临高加来,临高县,儋州,海南
4111,谭文,,,
4112,巴中江北车站,中江县,德阳,四川
4113,紫云汽车站,紫云苗族布依族自治县,安顺,贵州
4114,桐庐客运中心,桐庐县,杭州,浙江
4115,马山客运总站,马山县,南宁,广西
4116,梨树总站,梨树区,鸡西,黑龙
4117,伊犁州客运站,,伊犁,新疆
4118,塔城客运中心站,塔城市,塔城,新疆
4119,绥中客运站,绥中县,葫芦,辽宁
4120,哈尔滨三棵树客运站,,哈尔,黑龙
4121,五常市公路客运总站,五常市,哈尔,黑龙
4122,武夷新区统建房,武夷山市,南平,福建
4123,广昌,广昌县,抚州,江西
4124,汶上站,汶上县,济宁,山东
4125,嘉禾金田站,嘉禾县,郴州,湖南
4126,桃江汽车站,桃江县,益阳,湖南
4127,韶关坪石汽车客运站,,韶关,广东
4128,清远连山福堂分站,连山壮族瑶族自治县,清远,广东
4129,陵水大坡,陵水黎族自治县,儋州,海南
4130,余庆汽车站,余庆县,遵义,贵州
4131,监利中心客运站,监利县,荆州,湖北
4132,衡阳中心汽车站,衡阳县,衡阳,湖南
4133,四惠长途汽车站,,,
4134,寿宁汽车站,寿宁县,宁德,福建
4135,罗田大别山客运中心,罗田县,黄冈,湖北
4136,靖西客运站,靖西市,百色,广西
4137,吴忠汽车站,,吴忠,宁夏
4138,沈阳SK汽车客运站,,沈阳,辽宁
4139,230103032,,,
4140,玉环中心站,玉环市,台州,浙江
4141,永康西站,永康市,金华,浙江
4142,定远汽车站,定远县,滁州,安徽
4143,泰宁西站,泰宁县,三明,福建
4144,寿张站,,,
4145,宜城汽车客运站,宜城市,襄阳,湖北
4146,麻章车站,麻章区,湛江,广东
4147,怀集县城南客运站,怀集县,肇庆,广东
4148,仙庵镇第一招呼站,,,
4149,陆川总站,陆川县,玉林,广西
4150,儋州白马井,,儋州,海南
4151,广东汕头,,汕头,广东
4152,金霖花园,,,
4153,马尔康客运中心,马尔康市,阿坝,四川
4154,永仁客运站,永仁县,楚雄,云南
4155,静宁东关汽车站,静宁县,平凉,甘肃
4156,修水汽车总站,修水县,九江,江西
4157,尤溪汽车站,尤溪县,三明,福建
4158,乡宁县客运中心,宁县,庆阳,甘肃
4159,铜陵汽车站,,铜陵,安徽
4160,230123003,,,
4161,230421002,,,
4162,车桥,,,
4163,义乌商贸城客运中心,义乌市,金华,浙江
4164,香樟名都,,,
4165,丰田,,,
4166,东乡,东乡族自治县,临夏,甘肃
4167,德兴车站(新),德兴市,上饶,江西
4168,长阳,长阳土家族自治县,宜昌,湖北
4169,温泉,温泉县,博尔,新疆
4170,惠州南线汽车客运站,,惠州,广东
4171,深圳市龙岗布吉客货汽车客运站,龙岗区,深圳,广东
4172,西乡汽车站,西乡县,汉中,陕西
4173,东兰汽车总站,东兰县,河池,广西
4174,定安富文,定安县,儋州,海南
4175,福建福州市,,福州,福建
4176,龙江,龙江县,齐齐,黑龙
4177,南江广运汽车站(老南中),南江县,巴中,四川
4178,犍为客运中心站(老城区),犍为县,乐山,四川
4179,贵阳客运东站,,贵阳,贵州
4180,双流华阳客运中心,双流区,成都,四川
4181,(高铁北站)综合客运中心,,,
4182,九寨沟汽车站(县城),九寨沟县,阿坝,四川
4183,丽水客运东站,,丽水,浙江
4184,荆门汽车客运北站,,荆门,湖北
4185,南充市马市铺车站,,南充,四川
4186,简阳西门客运站,简阳市,成都,四川
4187,新胜利宾馆,,,
4188,双阳区客运中心站,双阳区,长春,吉林
4189,231102001,,,
4190,徐州总站,,徐州,江苏
4191,胡庄站,,,
4192,靳桥站,,,
4193,义乌南方客运站,义乌市,金华,浙江
4194,水利局,,,
4195,富园新村,,,
4196,凤凰酒店,凤凰县,湘西,湖南
4197,青原汽车站,青原区,吉安,江西
4198,台儿庄汽车站,台儿庄区,枣庄,山东
4199,焦作旅游中心站,,焦作,河南
4200,常德汽车总站,,常德,湖南
4201,衡阳县汽车站,衡阳县,衡阳,湖南
4202,洞口汽车总站,洞口县,邵阳,湖南
4203,德庆县粤运汽车客运站,德庆县,肇庆,广东
4204,中山市益华客运配客中心,中山市,中山,广东
4205,临高站,临高县,儋州,海南
4206,成都商贸城车站,,成都,四川
4207,安龙汽车站,安龙县,黔西,贵州
4208,甘孜县汽车站（康北客运中心）,甘孜县,甘孜,四川
4209,色达客运站,色达县,甘孜,四川
4210,重庆大学城西部新城客运站,城西区,西宁,青海
4211,尼玛县客运站,尼玛县,那曲,西藏
4212,阿勒泰客运站,阿勒泰市,阿勒,新疆
4213,昭苏客运站,昭苏县,伊犁,新疆
4214,巴里坤客运站,巴里坤哈萨克自治县,哈密,新疆
4215,蚌埠,,蚌埠,安徽
4216,锡林浩特长途汽车站,锡林浩特市,锡林,内蒙
4217,安图县客运站,安图县,延边,吉林
4218,启东吕四站,启东市,南通,江苏
4219,大韩,,,
4220,富龙车站,,,
4221,蓬莱,蓬莱区,烟台,山东
4222,漯河恒通站,,漯河,河南
4223,孝昌,孝昌县,孝感,湖北
4224,汽车西站维也纳酒店,,,
4225,新会汽车客运站,新会区,江门,广东
4226,前詹镇第二招呼站,,,
4227,中山市坦洲金斗湾汽车客运站,中山市,中山,广东
4228,珠海拱北城轨站,,珠海,广东
4229,定安黄竹,定安县,儋州,海南
4230,乐东莺歌海,乐东黎族自治县,儋州,海南
4231,昌江霸王岭,昌江黎族自治县,儋州,海南
4232,合江县汽车客运站,合江县,泸州,四川
4233,南城汽车客运站,南城县,抚州,江西
4234,保康客运站,保康县,襄阳,湖北
4235,赣州火车站配客点,,赣州,江西
4236,隆安客运总站,隆安县,南宁,广西
4237,石河子客运站,石河子市,阿勒,新疆
4238,白水客运站,白水县,渭南,陕西
4239,沙雅运输站,沙雅县,阿克,新疆
4240,侯马汽车西站,侯马市,临汾,山西
4241,231225080,,,
4242,佳木斯客运总站中山站,中山市,中山,广东
4243,宜兴车站,宜兴市,无锡,江苏
4244,白砂(邮政储蓄),,,
4245,来福村,,,
4246,唐家庄,,,
4247,昌邑汽车站,昌邑市,潍坊,山东
4248,驻马店中心站,,驻马,河南
4249,广州从化汽车站,从化区,广州,广东
4250,省际总站,,,
4251,文昌秀生桥,文昌市,儋州,海南
4252,利川中心客运站,利川市,恩施,湖北
4253,常宁市青市汽车站,常宁市,衡阳,湖南
4254,盘县汽车站（城关）,城关区,兰州,甘肃
4255,大柴旦汽车站,,,
4256,北屯客运站,北屯市,阿勒,新疆
4257,230123001,,,
4258,朝阳站,朝阳区,长春,吉林
4259,邳州新城站,新城区,西安,陕西
4260,港城车站,,,
4261,玉环楚门站,玉环市,台州,浙江
4262,杏林,,,
4263,新密长途汽车站(西),新密市,郑州,河南
4264,深圳市宝安公明汽车客运站,宝安区,深圳,广东
4265,靖海镇第二招呼站,,,
4266,北栅汽车站,,,
4267,珠海马戏酒店,,珠海,广东
4268,文昌龙楼,文昌市,儋州,海南
4269,四川巴中市辖区,,巴中,四川
4270,西北部客运站,,,
4271,赣州汽车南站,,赣州,江西
4272,惠州汽车客运站,,惠州,广东
4273,隆子县客运站,隆子县,山南,西藏
4274,省西安汽车站,西安区,牡丹,黑龙
4275,麟游客运站,麟游县,宝鸡,陕西
4276,靖边汽车站,靖边县,榆林,陕西
4277,阿克苏中心客运站,阿克陶县,克孜,新疆
4278,丹东,,丹东,辽宁
4279,双辽市公路客运总站,双辽市,四平,吉林
4280,依安县客运总站,依安县,齐齐,黑龙
4281,高邮汽车客运站,高邮市,扬州,江苏
4282,芜湖高铁客运站,芜湖县,芜湖,安徽
4283,安溪恒兴,安溪县,泉州,福建
4284,佳世客,,,
4285,莱西姜山站,莱西市,青岛,山东
4286,青岛海泊河,,青岛,山东
4287,湘运王江汽车站,,,
4288,惠东县城南客运站,惠东县,惠州,广东
4289,肇庆旅游集散中心,,肇庆,广东
4290,临高调楼票点,临高县,儋州,海南
4291,桶井港门,,,
4292,长寿晏家西站,长寿区,重庆,重庆
4293,巴中通江汽车站,通江县,巴中,四川
4294,镇巴汽车站,镇巴县,汉中,陕西
4295,广水中心客运站,广水市,随州,湖北
4296,北海和信客运,,北海,广西
4297,咸阳汽车北站,,咸阳,陕西
4298,西乌汽车站,西乌珠穆沁旗,锡林,内蒙
4299,法库,法库县,沈阳,辽宁
4300,新宾客运站,新宾满族自治县,抚顺,辽宁
4301,231224001,,,
4302,230129001,,,
4303,苏州北广场汽车站,,苏州,江苏
4304,常熟滨江站,滨江区,杭州,浙江
4305,南京北站,,南京,江苏
4306,徐州技师,,徐州,江苏
4307,富阳客运站,富阳区,杭州,浙江
4308,建瓯高铁西站,建瓯市,南平,福建
4309,鱼台站,鱼台县,济宁,山东
4310,临淄,临淄区,淄博,山东
4311,罗山汽车站,罗山县,信阳,河南
4312,洪江汽车站,洪江市,怀化,湖南
4313,南县兴盛汽车站,南县,益阳,湖南
4314,南山汽车站,南山区,深圳,广东
4315,佛山粤运汽车客运站,,佛山,广东
4316,东莞市谢岗客运站,东莞市,东莞,广东
4317,德庆播植站,德庆县,肇庆,广东
4318,琼海潭门,琼海市,儋州,海南
4319,海口(福山),福山区,烟台,山东
4320,成都汽车总站,,成都,四川
4321,简阳西门车站,简阳市,成都,四川
4322,阿坝客运中心,阿坝县,阿坝,四川
4323,荆州客运枢纽站,荆州区,荆州,湖北
4324,苍南客运北站,苍南县,温州,浙江
4325,连江客运站,连江县,福州,福建
4326,灵丘汽车客运站,灵丘县,大同,山西
4327,碧口镇汽车站,,,
4328,叶城县客运站,叶城县,喀什,新疆
4329,鲅鱼圈区顺通客运公司,鲅鱼圈区,营口,辽宁
4330,龙江县公路客运中心站,龙江县,齐齐,黑龙
4331,五大连池市客运站,五大连池市,黑河,黑龙
4332,崇明站,崇明区,上海,上海
4333,西溪高速口,,,
4334,晋江机场站,晋江市,泉州,福建
4335,莱阳中心,莱阳市,烟台,山东
4336,莱西,莱西市,青岛,山东
4337,东营东站,东营区,东营,山东
4338,滕州站,滕州市,枣庄,山东
4339,朝城站,,,
4340,安阳客运南站,安阳县,安阳,河南
4341,溆浦汽车站,溆浦县,怀化,湖南
4342,常德南部区域,南部县,南充,四川
4343,海丰南湖汽车客运站,海丰县,汕尾,广东
4344,汕头市潮阳汽车客运站,潮阳区,汕头,广东
4345,中山市古镇汽车客运站,中山市,中山,广东
4346,|东莞市常平常运汽车客运配客点,东莞市,东莞,广东
4347,东方八所站,东方市,儋州,海南
4348,定安龙湖路口,安龙县,黔西,贵州
4349,红岗,红岗区,大庆,黑龙
4350,板桥路口,,,
4351,泸沽汽车站(泸沽镇),,,
4352,泸定汽车站,泸定县,甘孜,四川
4353,康定汽车站,康定市,甘孜,四川
4354,红原汽车站,红原县,阿坝,四川
4355,共和汽车站,共和县,海南,青海
4356,宝鸡汽车站,,宝鸡,陕西
4357,从江高铁站,从江县,黔东,贵州
4358,中川机场,,,
4359,辽宁省快速汽车客运站,,,
4360,松原市宁江区客运站,宁江区,松原,吉林
4361,靖江汽车站,靖江市,泰州,江苏
4362,海门三阳站,海门市,南通,江苏
4363,新国线黄山风景区汽车站,黄山区,黄山,安徽
4364,宁化,宁化县,三明,福建
4365,铅山,铅山县,上饶,江西
4366,高唐站,高唐县,聊城,山东
4367,淮阳汽车站,淮阳区,周口,河南
4368,项城长途汽车站(老街),项城市,周口,河南
4369,新洲,新洲区,武汉,湖北
4370,武当山换乘中心,,,
4371,深圳罗湖汽车客运站,罗湖区,深圳,广东
4372,海丰梅陇配客站,海丰县,汕尾,广东
4373,厚街专线车站,,,
4374,深圳市龙岗坑梓汽车客运站,龙岗区,深圳,广东
4375,金秀客运服务站,金秀瑶族自治县,来宾,广西
4376,广东吴川,吴川市,湛江,广东
4377,额敏客运站,额敏县,塔城,新疆
4378,三水汽车客运站,三水区,佛山,广东
4379,于都汽车站,于都县,赣州,江西
4380,古田汽车西站,古田县,宁德,福建
4381,康乐汽车站,康乐县,临夏,甘肃
4382,桦甸市公路客运总站,桦甸市,吉林,吉林
4383,东丰县公路客运总站,丰县,徐州,江苏
4384,辽源仙城客运站,,辽源,吉林
4385,230104013,,,
4386,盛泽站,,,
4387,睢宁西站,睢宁县,徐州,江苏
4388,明光汽车站,明光市,滁州,安徽
4389,泉港车站,泉港区,泉州,福建
4390,新桥(漳平),漳平市,龙岩,福建
4391,泸溪县汽车站,泸溪县,湘西,湖南
4392,会同汽车站,会同县,怀化,湖南
4393,桂林琴潭汽车客运站,,桂林,广西
4394,贵港汽车西站,,贵港,广西
4395,凤山汽车总站,凤山县,河池,广西
4396,儋州铺仔,,儋州,海南
4397,保亭呀诺达,保亭黎族苗族自治县,儋州,海南
4398,二队,,,
4399,三亚海棠湾南田,海棠区,三亚,海南
4400,乡城长途汽车站,乡城县,甘孜,四川
4401,达州市汽车南站,,达州,四川
4402,恩施汽车客运中心站,恩施市,恩施,湖北
4403,庄浪南站,庄浪县,平凉,甘肃
4404,花北汽车站,,,
4405,龙岩汽车站,,龙岩,福建
4406,云浮城西客运站,城西区,西宁,青海
4407,通化总站新站,通化县,通化,吉林
4408,232722001,,,
4409,延寿客运站,延寿县,哈尔,黑龙
4410,依兰县公路客运服务中心,依兰县,哈尔,黑龙
4411,富裕县公路客运站,富裕县,齐齐,黑龙
4412,通河县公路客运站,通河县,哈尔,黑龙
4413,高新区银河苑,,,
4414,如东河口站,河口瑶族自治县,红河,云南
4415,龙港客运中心,龙港市,温州,浙江
4416,罗源(高速),罗源县,福州,福建
4417,上杭汽车站,上杭县,龙岩,福建
4418,婺源,婺源县,上饶,江西
4419,潍联客,,,
4420,远安807,远安县,宜昌,湖北
4421,靖州汽车站,靖州苗族侗族自治县,怀化,湖南
4422,湘潭长途汽车站,湘潭县,湘潭,湖南
4423,潮州市粤运中心客运站,,潮州,广东
4424,陆丰汽车客运站,陆丰市,汕尾,广东
4425,深圳市龙岗大鹏汽车客运站,龙岗区,深圳,广东
4426,深圳市龙岗大鹏汽车站,龙岗区,深圳,广东
4427,定安龙门,安龙县,黔西,贵州
4428,龙里汽车站,龙里县,黔南,贵州
4429,丹寨汽车站,丹寨县,黔东,贵州
4430,田东客运站,田东县,百色,广西
4431,容桂汽车客运站,,,
4432,兰州市汽车南站,,兰州,甘肃
4433,临夏汽车站（西站）,临夏县,临夏,甘肃
4434,和田长途站,和田县,和田,新疆
4435,凌源客运站,凌源市,朝阳,辽宁
4436,230204005,,,
4437,虹桥长途西站,,,
4438,东海汽车站,东海县,连云,江苏
4439,如东洋口闸站,如东县,南通,江苏
4440,钻石酒店,,,
4441,濮阳飞龙站,濮阳县,濮阳,河南
4442,梅川,,,
4443,清远阳山汽车客运站,阳山县,清远,广东
4444,河源龙川县老隆汽车客运站,龙川县,河源,广东
4445,海口西站,,海口,海南
4446,琼中贝湾,琼中黎族苗族自治县,儋州,海南
4447,四公里交通换乘枢纽,,,
4448,秀山汽车总站,秀山土家族苗族自治县,重庆,重庆
4449,大足龙水汽车站,大足区,重庆,重庆
4450,石柱汽车站,石柱土家族自治县,重庆,重庆
4451,高县城南车站,高县,宜宾,四川
4452,盐亭客运站,盐亭县,绵阳,四川
4453,高速客运站,,,
4454,岢岚汽车站,岢岚县,忻州,山西
4455,汨罗客运总站,汨罗市,岳阳,湖南
4456,滘口汽车客运站,,,
4457,延安东站,,延安,陕西
4458,兰州西站,,兰州,甘肃
4459,拜城运输站,拜城县,阿克,新疆
4460,洮南市公路客运总站,洮南市,白城,吉林
4461,灌云汽车站,灌云县,连云,江苏
4462,海门树勋站,海门市,南通,江苏
4463,定海盐仓站,定海区,舟山,浙江
4464,赤壁,赤壁市,咸宁,湖北
4465,琼海长坡,琼海市,儋州,海南
4466,大方汽车站,大方县,毕节,贵州
4467,建水汽车客运站,建水县,红河,云南
4468,普宁流沙客运站,普宁市,揭阳,广东
4469,大庆枢纽站,,大庆,黑龙
4470,深圳罗湖客运站,罗湖区,深圳,广东
4471,昭平汽车站,昭平县,贺州,广西
4472,清远连南客运站,连南瑶族自治县,清远,广东
4473,旬阳汽车站（县运司）,旬阳县,安康,陕西
4474,镇安客运站,镇安县,商洛,陕西
4475,肥东交通汽车站,肥东县,合肥,安徽
4476,兴城客运站,兴城市,葫芦,辽宁
4477,吉林市客运换乘中心,,吉林,吉林
4478,延吉市客运站,延吉市,延边,吉林
4479,230623002,,,
4480,黑河市公路客运总站,,黑河,黑龙
4481,尚志市公路客运站,尚志市,哈尔,黑龙
4482,周庄客运站,,,
4483,合肥高铁南站,,合肥,安徽
4484,同安后垵,同安区,厦门,福建
4485,宁津县汽车站,宁津县,德州,山东
4486,咸丰,咸丰县,恩施,湖北
4487,益阳家润多,,益阳,湖南
4488,韶关翁源汽车客运站,翁源县,韶关,广东
4489,电白县二运汽车客运站,电白区,茂名,广东
4490,沙井中心站,,,
4491,3|海丰鲘门配客点,海丰县,汕尾,广东
4492,陆丰甲子汽车客运站,陆丰市,汕尾,广东
4493,田阳汽车客运站,田阳区,百色,广西
4494,昌江棋子湾高铁站,昌江黎族自治县,儋州,海南
4495,三亚育才,,三亚,海南
4496,五通桥客运中心,五通桥区,乐山,四川
4497,宏基客运站,,,
4498,舒兰客运站,舒兰市,吉林,吉林
4499,益华客运配客中心,,,
4500,惠安汽车站,惠安县,泉州,福建
4501,镇安汽车站,镇安县,商洛,陕西
4502,吉木乃客运站,吉木乃县,阿勒,新疆
4503,南验讫点,,,
4504,开原市汽车客运站,开原市,铁岭,辽宁
4505,泰顺客运北站,泰顺县,温州,浙江
4506,安海车站,,,
4507,一都车站,,,
4508,枫亭,,,
4509,青山汽车客运站,青山区,武汉,湖北
4510,南城汽车站,南城县,抚州,江西
4511,扶沟汽车站,扶沟县,周口,河南
4512,嵩县汽车站,嵩县,洛阳,河南
4513,洛阳客运东站,,洛阳,河南
4514,松柏,,,
4515,云梦,云梦县,孝感,湖北
4516,株洲中心站,,株洲,湖南
4517,文昌烟堆,文昌市,儋州,海南
4518,文昌公坡,文昌市,儋州,海南
4519,独山汽车站,独山子区,克拉,新疆
4520,稻城汽车站,稻城县,甘孜,四川
4521,沙井中心客运站,,,
4522,石湾汽车客运站,,,
4523,灵台汽车站,灵台县,平凉,甘肃
4524,山阳汽车站,山阳县,商洛,陕西
4525,托克逊客运站,托克逊县,吐鲁,新疆
4526,辽源市公路客运总站,,辽源,吉林
4527,蛟河市公路客运总站,蛟河市,吉林,吉林
4528,九台区公路客运中心站,九台区,长春,吉林
4529,齐齐哈尔公路客运枢纽站,,齐齐,黑龙
4530,古田山庄,古田县,宁德,福建
4531,文登站,文登区,威海,山东
4532,惠民站,惠民县,滨州,山东
4533,阳江汽车客运站,,阳江,广东
4534,蕉岭汽车客运站,蕉岭县,梅州,广东
4535,封开南丰汽车客运站,封开县,肇庆,广东
4536,宝安松岗汽车客运站,宝安区,深圳,广东
4537,惠州市惠阳区镇隆金晟客运站,惠阳区,惠州,广东
4538,全州总站,全州县,桂林,广西
4539,查苗海口,,海口,海南
4540,广东茂名电白水东,白水县,渭南,陕西
4541,武胜汽车站,武胜县,广安,四川
4542,阆中89队汽车站,阆中市,南充,四川
4543,石渠县汽车站,石渠县,甘孜,四川
4544,东莞汽车客运北站,东莞市,东莞,广东
4545,渭南市客运中心站,,渭南,陕西
4546,宁强汽车站,宁强县,汉中,陕西
4547,尉犁县客运站,尉犁县,巴音,新疆
4548,110101001,,,
4549,嘉荫县客运站,嘉荫县,伊春,黑龙
4550,浦东机场站,浦东新区,上海,上海
4551,南京葛塘站,,南京,江苏
4552,云和客运中心,云和县,丽水,浙江
4553,阜阳汽车西站,,阜阳,安徽
4554,金井车站,,,
4555,北苑丽景,,,
4556,吉安县汽车站,吉安县,吉安,江西
4557,莱州站,莱州市,烟台,山东
4558,深圳机场汽车客运站,,深圳,广东
4559,旅游集团,,,
4560,金城江城北汽车站,城北区,西宁,青海
4561,海口新海港,海港区,秦皇,河北
4562,广东湛江,,湛江,广东
4563,龙滚,,,
4564,槐树店地铁站B口,,,
4565,萨迦县客运站,萨迦县,日喀,西藏
4566,旬阳客运站,旬阳县,安康,陕西
